,x_pos,y_pos
0,-10.621925454828526,9.641547512524422
1,1.2101741678848466,6.4121223824864915
2,20.412684104270614,-4.459304500479621
3,9.49335127278789,1.4155372591638842
4,7.697345410694964,-2.070044663342738
5,14.844635269673173,-2.739827569467365
6,14.87786229350934,1.650080521361084
7,-21.030324754987774,3.1071536048971446
8,-12.42581733733251,9.885760965100744
9,-13.468800975702338,-4.40460929925923
10,13.499058051707513,-2.3276309058853974
11,7.608280614221827,-5.906464300082389
12,10.541293512540639,8.619332785317523
13,5.343570871554165,-6.896344733092863
14,18.922874123327407,1.111547403338086
15,16.685884448887997,-1.1120634868435086
16,-14.171722675685599,-5.177698168290255
17,11.826156643502728,3.347610079284155
18,-13.905972835399576,-0.03694333819261741
19,-11.903123562917783,-6.365404618822871
20,16.240238699411428,5.612375781030925
21,-3.671857943374897,-2.171519979929021
22,8.380558875962295,-2.696989621830348
23,7.417623903779497,4.596402832912608
24,17.15221348071762,-2.821627922893129
25,-16.39658806083908,-3.4523776136372124
26,2.9993960612199437,6.036988594010212
27,-9.98712731138426,-8.93928254389075
28,18.36448004279068,-0.26271139011506334
29,4.614089186680591,-5.7574709399599495
30,8.11038210991072,2.5364390697237966
31,-15.6529935718316,-3.70615449123516
32,6.7034704782988275,-0.40517585718868576
33,19.370760914764414,2.62880047117891
34,10.211838568896267,0.9947416757539098
35,0.5778902683598212,0.289247288421282
36,-9.205338685359683,-2.989481950670198
37,-11.756377473432327,-8.866308646698515
38,15.551890314370038,-3.0868017634939795
39,-9.246812912779143,-4.2172081418380385
40,10.74811290687557,6.759014056923779
41,11.430525625528706,-5.2063461441333665
42,8.624037616268804,2.8010974612634794
43,-22.26812945544994,-3.67286042407269
44,8.060998298501259,3.1944087377548738
45,-9.734757488890104,8.559300970158285
46,-2.33432177242803,-3.611757733716218
47,-0.38850491660997083,-0.8063978027852416
48,-10.400473775430067,0.8132567634908243
49,18.39431762881527,-0.9158274401715777
50,16.908452394005625,2.675523897438022
51,11.951281384529116,-1.7871386106941596
52,7.472859690819359,8.626785684324663
53,6.288906291268413,0.5428632312675451
54,1.8795305212103712,4.045274613669182
55,-22.429894147532803,-4.214877057554301
56,11.169196143186594,-2.6959934652969464
57,8.60719983912487,-0.776071693796705
58,19.835924232511484,1.7099333283877227
59,15.924954636386968,-5.788963735538491
60,-25.539312603443395,0.45587678757896605
61,1.8911987597913875,2.214124963850639
62,10.698824225254251,4.361064746878799
63,9.599957853723442,-2.0983953942904243
64,10.684784710576666,3.9414995678116376
65,20.467243344973653,-5.002360891797086
66,8.976612293194187,3.2695194465719206
67,0.10174996064266179,-0.43231931743594265
68,3.4435076252944845,1.1518145113213356
69,5.4034753079765885,-9.166615424195644
70,-24.120225686189077,1.7457020530234562
71,18.56655636820684,-2.526032913628855
72,-14.425124204696298,6.984734316457137
73,-1.0056136551041563,4.616713498261875
74,-13.497050796160837,-5.192289501986877
75,16.714302226786877,1.4340290563857312
76,-8.946028404577378,-1.4174287222039959
77,0.29128269665088635,-6.949623937651714
78,-10.120388351832876,8.793487107381717
79,16.708309672300533,1.178253182725655
80,6.10071590962771,2.983467896036814
81,3.754270541539379,0.14817627576799788
82,8.577696907252708,-5.2448908862973544
83,12.83460811656906,-3.189551121060891
84,-12.632494906750924,6.0039177182269805
85,19.28886273853761,-0.8606256544307462
86,-10.761514177307596,-3.192257999801384
87,-22.156270685361896,0.9598653073865973
88,4.462614245664067,-2.522480632520648
89,-25.029187500719868,0.3903336295217053
90,12.848063142136692,4.098727159073039
91,3.0056446030264494,1.6678468899588752
92,4.767768934533163,0.9240403135258382
93,11.740842075430857,1.4681592984192304
94,12.092755856908349,3.1225202703183834
95,12.912007187419983,-4.331179112162809
96,-18.690222610219728,0.1781405065861625
97,1.53679577716992,1.5556575145467977
98,1.0083419572075454,6.490314683880189
99,6.628299653991514,-6.436936712425939
100,-24.48550224210959,0.079144682526275
101,6.18213262511584,4.082083992761189
102,-14.403441975235495,-1.4265403811666206
103,0.870416289379284,-3.088075300791995
104,21.97476460187907,-4.764098655524362
105,-19.374759253646687,-5.041627450343672
106,-15.25431290063884,5.276767609209626
107,8.087082747120476,-6.004453198930113
108,17.458191429435438,-5.15484218008685
109,-12.618248446918503,7.136982806266541
110,-24.405488961845965,2.966376026375038
111,-13.68386408819229,-2.8482821280896538
112,3.866972215283353,9.548499531087804
113,-12.593743246399418,-3.081120092572345
114,-22.97474424625633,-0.13982386786970327
115,19.040290008690807,1.5229838932667228
116,13.206164479044658,4.195121466798762
117,-25.16342224591861,0.48012376544789265
118,5.422744793025412,0.05057713481841648
119,-13.718944037635852,-0.0001955779324944308
120,17.69240573460968,-7.457968017352587
121,-18.68927685834868,-3.425342068028186
122,0.7582693260058616,-6.520872399773152
123,11.413288005362991,2.167102225904557
124,-12.096800018232177,1.4946720660889488
125,-8.76266233590585,2.1092601544685445
126,6.3250348912762995,-4.163063351462397
127,-8.584068311102879,-2.0438596285609267
128,-11.708533726591215,9.887017568167886
129,7.26094409888987,3.8288780124690707
130,0.6829869871712176,3.6040198000674493
131,11.437048591787422,-7.561522516746435
132,5.366257467475951,-4.658969534533896
133,-15.444996958909142,-5.954311826857022
134,-0.7014127999208271,-2.255760786998665
135,5.018118025103571,1.967100019563299
136,11.327419202004789,11.739217251272695
137,-15.363692845933137,-3.4268562978436847
138,4.364796439263899,-1.063096444422629
139,11.07068096870619,9.229869277275123
140,-11.17752941764578,-2.7243928599521863
141,14.954197286561799,7.927167000628302
142,15.703393450693907,2.3450805019380594
143,6.729287060240432,-4.655951713283362
144,-10.555627514718685,3.393635023454047
145,-13.221943945696815,-1.531997340278628
146,-11.425846000591552,1.7947017889816959
147,5.293240326792668,7.512205882735347
148,16.154321650020844,1.7742599097968634
149,-15.757990324822863,-3.565242192907221
150,8.426087336673284,-5.083629144496878
151,-11.967268420031784,0.9946029089495514
152,-22.855700634546338,-0.6890926914285174
153,18.14922389190121,0.5196605794898216
154,13.927899650985063,-5.818937674547952
155,-15.407479864616189,-1.8339362763515832
156,18.766156978246073,7.280596077074583
157,7.758225879388064,8.441266645345287
158,20.319801442487762,-5.081162688454823
159,8.728074482615824,0.22117505260403092
160,-10.196439175687665,8.888994548193981
161,9.383584170290897,-5.633902677603476
162,12.283396231238664,-9.390290340112735
163,-14.978199570419362,-3.897447643209955
164,20.402547867570433,-5.836249672520707
165,-3.2649960529768247,-2.371969245349827
166,-4.852123556664053,-0.286366413131057
167,7.996103516756447,3.6471013673145323
168,17.078547958260945,-3.593260069515121
169,20.427364034861593,-6.070723180023102
170,5.296437818400481,-9.367705302112666
171,-13.50656066885461,-6.309985910657937
172,9.182004007245707,-3.551776881312881
173,-8.726310473909267,-0.5243409894212
174,5.767949556478059,-7.952110193181765
175,15.806074011714236,1.481773031531198
176,-11.665918166140615,9.67854975826721
177,5.81325151372429,2.865178522976493
178,-10.05142179643891,2.9286129699433907
179,16.041273315914903,0.8368054051487818
180,10.362323639512848,-7.930349653584634
181,-11.823021578747653,9.309076776097967
182,14.407738325464274,3.006487914365154
183,4.75495887232107,-8.014710042993553
184,10.414976885825691,8.491736689231987
185,-11.781723542727061,-5.064025404105777
186,-10.116128580679732,-3.5486774549925695
187,5.01680459726501,6.008539361467654
188,-8.071662629561052,5.329203936300442
189,5.859426430922508,-2.7157004027941993
190,-13.588046968982257,8.163133286405571
191,-12.914561072288636,-6.679703327843997
192,13.026502523999351,1.6745873495946433
193,14.691243436081272,-4.486140683646681
194,9.813611535128926,6.709843110442578
195,-16.474675427605387,-0.1306965854819401
196,-16.335598941503402,0.6090047598505623
197,18.397744165284085,-2.792229726657348
198,18.047159245468333,-8.086453116290654
199,-9.682725197166215,-0.8065927509707992
200,2.3694635481745463,0.28435258537049785
201,18.09410549818095,2.1198642564381216
202,10.16286033305812,5.092799382028055
203,2.5891449301400757,2.8813598961453293
204,17.054726026258614,4.967908668189261
205,9.61399940885145,-6.702305576752597
206,14.328091433743916,-0.35078124292245993
207,-16.765695859833922,-2.2584192863678214
208,10.703574890619004,4.556224100484391
209,-13.182041818426061,6.498821451173847
210,8.303337196776956,0.6852875615999803
211,-15.196661040714675,3.658889037507567
212,-21.05576334352199,2.225669861475483
213,-11.184750010153781,-2.811866335494647
214,3.4035266849293193,-2.257732870011951
215,-21.66273424967458,-5.055777264496475
216,9.932076881441464,9.743919009635194
217,-9.863613269113491,1.6902297215251059
218,2.923519123625772,-1.0781010292134106
219,9.665748370219697,-4.8123727730491925
220,18.574360979399575,-1.517124273693547
221,-16.78041184130902,-0.06405579111774011
222,18.59857961123782,1.968826007053825
223,0.06977342202149349,-1.9897110713725672
224,-18.513817462843242,-3.208548748976482
225,4.207878461800321,-1.6518980353570043
226,9.169678460781908,7.7033455923965946
227,-24.324051853246463,0.4950316772252229
228,12.65911400616351,2.685019548183378
229,18.870749885121118,-2.2688867406759177
230,14.337716592574676,1.0861736972561362
231,17.046403641513983,-3.3341827125690227
232,11.035088324890092,0.7531699549445051
233,1.7107202407082878,6.576200481972431
234,18.03910231581085,3.3074379301221257
235,-1.4880845252323667,-4.93487963537172
236,-15.322237389834616,4.916573128685278
237,19.129491026476835,-0.1278797520547312
238,-12.691764838017633,2.3995100276489114
239,6.6802764025982855,0.8685122268930462
240,20.790020807468874,-4.745958088618902
241,13.263686106965855,7.397703177836863
242,20.464545336283788,-5.589497841763359
243,-0.42670144594368026,1.299923078342775
244,10.503103656369642,2.7266963250918455
245,14.366853165224864,2.4001869547933112
246,-15.311249439602665,-6.890827938186185
247,-14.62640868474403,-1.022492426818987
248,-7.83512538705586,1.9630326903277269
249,-13.814953468211575,7.333123935518313
250,5.53999675247857,-6.473720698764535
251,-2.0629523279728708,2.8187317297330976
252,10.314689270682116,3.354017776564303
253,4.4515468830234655,4.0575036694546425
254,-13.055404662194476,-6.792624680841906
255,-14.184639125424383,-5.382996923567489
256,-2.426495344212137,2.696348835513802
257,15.573228821353966,-1.1595800950109934
258,-14.002131088044711,0.3619102720037071
259,-10.888696518419435,-8.789570450516965
260,18.728032583452805,-0.3518181163851593
261,-17.93458653710223,0.024818544673435087
262,-2.5861987950346257,2.6435746696454765
263,-17.10104629310022,-0.9943985910731115
264,3.013889336969562,0.34350852133814513
265,-20.797183489062423,-5.583351756981456
266,-1.6156160872057406,0.6426438905738017
267,-12.36437771975015,6.514888646819177
268,-15.831797945158527,-0.1929852297810349
269,-7.788354638280888,0.9610014378469646
270,-20.599027357086804,-6.017252048695866
271,-21.367135676667985,-0.4030827515326489
272,-14.431917216271298,-1.053694954197459
273,14.365456519929166,-1.3034403064466267
274,-22.460937638164896,-3.5763194913930816
275,0.41008319344036953,-0.12976004772055405
276,-20.21306869422999,-4.435080156706765
277,13.564533482674527,1.9039240654954428
278,6.887181846798068,-1.0614668073201996
279,-9.79353201356668,-1.1492562162404294
280,-7.415584044351862,-3.359040125719394
281,1.5038134495954503,1.4481496582726483
282,3.616235859224787,0.9110711680307284
283,5.0659236506921355,-4.483949493305227
284,15.164235897374022,4.639995571680119
285,-1.5080124220981301,-0.388983222125949
286,-0.3894193213647965,-0.11807770668512703
287,-14.464801553210249,4.731012388033097
288,16.99333863291847,-2.9806573266994487
289,-0.16616428079722734,-7.302602655593698
290,19.5794047497399,-0.5250224834445696
291,9.144556326326981,-1.3554155624600188
292,-0.22259834596892983,0.33206709024211845
293,10.732235344255027,9.556494902960083
294,6.757069038779576,0.9293974785118375
295,15.155628312936091,-2.1242844120339517
296,15.047613068282383,-1.4913532841303023
297,18.927343882476418,-0.1649722322388822
298,16.945681608701683,1.4169128848107995
299,-13.658682745252632,8.002942757849423
300,2.026474671350626,-1.4597474640937478
301,-14.08275798701682,-4.231704805719113
302,-11.433949375114501,-8.638986388493691
303,2.2220603238095396,5.3001886569742025
304,-16.429955759575495,-2.5148211779121192
305,-9.443513108861023,-0.16247929637347716
306,-22.26644304935852,-3.4486642057395325
307,10.318736323738936,-0.22493696545462677
308,8.772851682969964,-7.354392858290048
309,8.459846443927606,6.7701301478102875
310,4.929538678350304,1.397018967963265
311,9.576759897921708,-7.140617532812516
312,11.982495155067504,6.527188583967794
313,9.064415951170123,-5.858295931013954
314,-22.277713419800687,0.5791439803061356
315,-24.90079472697598,0.4905248849308449
316,14.853569014172615,6.245325972364761
317,17.699815080741473,-7.621205578146037
318,16.693524237697424,-4.254616550438492
319,-3.126937878012065,-2.0705490389930636
320,-18.683095478503603,-0.219420928901979
321,6.735949834175637,-3.669137338922659
322,-23.437534217139227,2.356627255678467
323,17.567896241946205,-3.3085445425654547
324,-13.979818462308414,-3.6130012634331816
325,10.859400246736456,10.44912909086145
326,-15.861064319638558,-2.059973155137326
327,18.226745850733867,-0.7277352564426077
328,-21.476022392188234,-5.628902590300845
329,-15.732479293460784,-3.6055354318386637
330,-0.5017250876529524,-2.644926530845926
331,6.754508968154144,0.15682254771695883
332,20.232361814348316,-4.674510510365535
333,-4.118261194086225,-1.9892408366072132
334,-17.793033917125666,0.8478232133177206
335,-13.52251084447913,4.292730784957562
336,-20.229910913551553,2.0804365006204466
337,-7.829028479059883,3.3764279416876577
338,8.404112634742468,-5.602236979053198
339,14.342421746734631,0.7443967706824456
340,-2.6903069499216046,6.495614595401822
341,-15.802130368334433,-5.762690366660704
342,-24.45369027466564,0.4704298708403413
343,6.148211292316207,-3.2047302866885063
344,-17.69104967878359,0.4034482221535399
345,17.387850911954924,-3.566545720754893
346,6.816882849116032,-2.402347832471707
347,14.757140211293615,-1.7661174004672624
348,7.631272874138412,7.712007461560263
349,1.3826629346670078,-0.1280551922169247
350,-16.206320118651185,-3.930513834529715
351,14.89756675758567,-0.5916906330722305
352,12.826247900261762,0.2618185950079718
353,-10.952026902833044,-6.70970258524113
354,-2.546364038619635,-3.21397683583479
355,0.8237847054184517,1.944327286012773
356,-10.823348478855236,-8.788753421528474
357,11.921697032036404,8.119800665708444
358,-21.0338973262459,-0.9469765412080491
359,10.598600940277697,-0.04442853288298412
360,6.3359745972661,3.1494508335888463
361,6.444640516452005,-6.44775156401595
362,4.604719039202284,3.1240016020554386
363,18.210089045042775,5.081580323892982
364,-9.89623626239435,9.26924368965268
365,-11.5836486293006,10.04466708261016
366,-15.36190360903164,0.5739439041145309
367,-15.82431650285615,-0.03270626192312032
368,2.338458396261031,5.248590210392718
369,16.361670727165137,-3.383472864800005
370,-14.681985099817808,6.444541508110515
371,13.62908631517931,-0.7882132385989309
372,-19.58744602603551,-4.18659198692285
373,18.133760294345556,-2.6505514412501756
374,3.876891119599552,3.0178665329957215
375,8.639287680496073,4.684031440959176
376,8.195816138178836,4.203647435521029
377,5.891194483208107,1.2971225721705177
378,-12.922004280732118,2.121155818209417
379,-17.50184581814989,-0.013033687796809865
380,-15.671859916160374,0.32372007911210193
381,9.823349365444283,-6.932633435865321
382,-3.7738070093817475,1.9636221007711099
383,18.112153045994052,7.567661071442323
384,10.884848543331488,6.952422711594928
385,-21.827236210712762,-4.97625514663618
386,-20.89777072384154,1.548268798195632
387,-22.332068467482138,1.3615852368930292
388,6.895108544319732,2.4697677230574566
389,10.143605967498763,-7.119402607820006
390,6.702369680848781,6.462274592381174
391,11.133222334261006,5.529416911984466
392,3.432525108968068,-2.3518800244542755
393,-10.373387466629456,-6.6459625178288215
394,18.13943472727876,0.9761097265844927
395,-13.798022855887774,2.3046677165714256
396,4.466759903324515,5.090558558097845
397,-0.5874196703239285,3.1332198579972457
398,-0.8849266398797679,0.5360035361078199
399,14.340144041887303,-3.44142246442883
400,-13.558729141534108,-6.194576114172787
401,5.557899013058538,-3.9133832016943213
402,-9.484070230322803,-0.5704150208590811
403,-14.076351212274902,-4.168752664827172
404,-18.110258731411136,-1.8488126697128346
405,-17.80791679237197,0.4520395980710662
406,13.31152369739008,-4.91836855206991
407,8.09491601513366,1.738343597305633
408,-22.220515924144127,-3.2355455109997524
409,-16.38685349558425,1.1078534533310038
410,-20.017532463849403,-0.3552993180620553
411,-14.910589892478457,4.509284793989967
412,18.8464061773561,0.8258391032764706
413,11.446834631799558,-2.661281130057188
414,11.585810631879689,-6.305013999866747
415,-14.724186254745534,4.620333477447788
416,22.198976650243086,-3.499893452154335
417,14.471814057767292,-1.80227124495705
418,-13.353162455982693,7.526020797917489
419,5.4187237108549455,-9.279777325474369
420,-13.861042562412402,4.034377799028708
421,21.456704312437726,-4.519512876114028
422,-19.82659593801111,-4.701700144427456
423,-15.10639696372328,4.3639593984408585
424,18.81781087909419,3.6571186068653208
425,12.004935665792614,0.8877448273580744
426,-0.16428638841985005,-3.097974712760045
427,1.8789503118516548,-1.0255678926522511
428,-11.869099085482928,-1.4928057862530952
429,-12.660490967102248,-5.784567231826311
430,10.489974573367824,-5.716188330985172
431,11.943425307890768,9.815236055487267
432,-13.2060518181661,6.390219350658949
433,-23.00106177552463,-3.65040147179287
434,12.254434747265204,-9.398532265365345
435,17.5526666835233,7.805907338847729
436,6.8308158136715695,-6.885115955342335
437,17.144842431250602,-1.3422297420728886
438,7.481687847836861,-2.7848710347822294
439,2.966430312913861,4.189340595752932
440,20.292730361782723,-5.119671469570735
441,14.101156971047494,7.021771011748834
442,6.018419439871376,-2.1212423537725775
443,9.826623580714259,-3.277455201987658
444,8.437409343729925,-4.976920387583601
445,2.455925187562465,0.8697134156927598
446,15.450889252339854,9.121543769271222
447,4.408744260853311,-0.6270505464566729
448,-22.146979178647854,2.2199183293035976
449,4.868590473310746,-1.541315608514312
450,18.48602893822171,-2.6087733592829583
451,10.991843669802384,2.240124852516207
452,8.952359073650763,0.9036547681872344
453,-17.689991900109515,0.16481328442131957
454,18.412735998992638,8.15621655365208
455,-12.52892286151879,2.013755523251795
456,13.090027107849613,-3.8771552965189158
457,16.58935512485523,-3.187894668356496
458,4.630124871738234,-6.368717652120221
459,10.004369419069688,5.932331776831573
460,-11.024141294937817,-6.727520005436165
461,-7.92015924228442,-1.3634372549432905
462,12.991280756863732,-1.962651103120615
463,4.268075490392659,6.869104902195691
464,-8.19756298956771,-1.6375452348524815
465,-21.908032888903808,-5.2172362685545295
466,4.3337200625130405,2.049086851078832
467,16.470180271353403,-0.5975906506558823
468,-19.56325298655857,-6.43183237746569
469,2.5668837086189615,-3.068469525152891
470,4.994335233433316,-8.205654361917848
471,4.21626823152436,0.804268636591016
472,-22.521443963424865,2.180676391878328
473,11.050460814929682,6.180835897997385
474,3.692750987245116,4.915094373421849
475,1.8265214960177567,0.8509690385156701
476,10.680448248693306,2.7465631399581274
477,7.673284755901828,2.3757383331045685
478,-14.303190617371296,-4.92715542301814
479,13.255594461442332,4.763984034381894
480,9.289906892270034,6.11996616702721
481,-21.350104890712956,-6.011296123521292
482,0.9294045506211821,7.6194634805890225
483,18.059804909930744,-0.09168092259591946
484,18.811026737062907,0.15161384628289862
485,-19.657542810304555,-3.792823224196339
486,12.712768615044164,7.931030920838841
487,7.00741821325359,-3.1166749251986285
488,-16.040354532668882,-1.2943750503109017
489,2.990326057828318,0.6148362553795458
490,-10.569083598310785,-3.1870906817495745
491,-21.47979938560514,-4.697857965448824
492,17.99035228785637,-2.834531840589043
493,-15.03027095202937,-0.4529981180857575
494,-0.807208553896462,-1.0410145394581243
495,7.34118235674777,-1.574304395163235
496,-3.380845487274706,2.712743349504414
497,8.12174906365324,-5.795721952971449
498,9.67350162894483,-6.411179470474341
499,-24.373614019361696,2.9351966792806374
500,2.2609056639344502,1.5789006248220965
501,-10.915306557997619,9.798335272821836
502,-2.5318549171878733,0.2400440306809667
503,5.161930993948419,-0.551360530709263
504,8.851153462310405,-8.26628355152305
505,8.154341218552696,-0.5121280098717071
506,-14.092978026695036,-3.375569409433716
507,17.293132037615166,6.455385365719843
508,-8.470585778752387,1.4675818745655183
509,1.4067812817667742,-1.8858462935453357
510,11.202093976262438,8.037738994928535
511,14.37795398046473,1.745269118315916
512,17.050919061345244,-4.428321689998781
513,-17.638319778855813,1.0579170169594856
514,-24.55580678196133,2.8980844097455805
515,6.080013392752761,-7.343186184549601
516,-20.99276176438571,-0.9674719369605489
517,-21.16966436429331,-5.906052777348711
518,20.48755436964442,3.8179474210002526
519,2.42622170248512,5.324365172736332
520,-8.014754778153435,-1.9399206077433828
521,-15.66722179264822,5.056034695052559
522,10.20253508335533,6.5556378037789
523,-8.144841886663505,1.2997772742722147
524,10.929521029020787,6.644505725921604
525,-22.27744046108794,2.15333371619168
526,3.9425588847255773,1.6626763513193425
527,16.9070127672019,1.4598522526645554
528,-14.821021296017149,-0.5073083382220502
529,-0.7055989656326961,1.7824663013289375
530,9.56549542540898,8.430214539371796
531,-16.04431670345963,4.638464300315571
532,9.35739218026661,2.1570370383469792
533,-5.938604676504239,-5.786680102770383
534,15.528572548327032,5.135017628966359
535,3.461142858771915,-1.0885432521242377
536,4.508208870760223,-6.747266202644541
537,12.17944547755474,-3.724471199821648
538,8.03496024014087,2.999880674815934
539,-11.65877846781072,-6.685739237928056
540,-9.191312964504164,3.49921961771318
541,7.669516749081512,-6.9313273265852136
542,-11.321224992832045,-1.031944697739713
543,1.2188833609891927,-2.3008159064912626
544,16.098693292712213,2.256343720910752
545,13.785055882743071,5.810330650037289
546,-12.181586955460968,-5.770749218314176
547,11.77854502419434,8.850124085754905
548,-21.382220311923927,-4.800643409932306
549,-13.00763678980471,2.4313708677778787
550,15.085336413300759,-5.675973109719711
551,-10.894505842961932,2.2516161239629997
552,11.975905171620408,5.17625325380135
553,15.65510765297323,-2.4343115814909053
554,-7.867118125116329,-1.5940001964359418
555,16.579199222160845,3.731195844714036
556,-15.321674806535682,-5.353859488603654
557,-14.058972340654666,7.145335065577862
558,-13.498777398566983,1.6481206180218924
559,10.962226384991173,4.190721680068565
560,-19.84034423262967,-3.309187992932431
561,-17.443191944638002,-3.199965456324742
562,-3.0247404340423065,-2.81529498387455
563,-3.390343968227447,-5.3687015501680015
564,3.4669928175170477,-0.7014701523032915
565,-7.425198280985383,-6.237860407025673
566,-12.697002440800405,-0.09050244951495548
567,17.830386787309692,7.9061037952244755
568,-9.697969402241029,2.8702214230818535
569,15.045260557250712,-4.065464441446079
570,16.949425829801015,-0.6233047665115519
571,6.997227862794999,-1.948333748214859
572,-11.674491183707007,3.8057430119010602
573,9.952763318367579,4.696287224147125
574,-13.899192621084778,7.1752205138861065
575,-0.11795169727291278,4.546317054233588
576,15.996801765292588,1.4115281361024468
577,-4.716099300772888,5.720417462464917
578,-12.147950925576135,1.9865254406150625
579,13.452550844912748,-0.1121925866134772
580,-11.418850503032981,9.947128052051324
581,-10.179825552604902,-8.869294679508377
582,9.148433148351055,3.0812365932330694
583,-0.6179387839639124,3.3217230431208375
584,2.903245501222825,1.7797367397778259
585,9.522833742625991,4.285815410941352
586,15.840882145594234,0.5195090455973967
587,-11.549045752771413,-5.992760343826482
588,19.533944942994257,-2.0353588393029636
589,9.201085400405459,-0.17125563000247246
590,11.465927667515526,2.177002437896148
591,19.510418129389773,-3.532443640294863
592,-15.540656321838254,-3.7870044360796156
593,16.03541337390274,0.037942604252229804
594,-13.006230619481833,1.3992044855423276
595,19.94113052425535,0.4677295987971753
596,16.66637573186972,-7.805298557195578
597,-18.609279255395908,-1.0814482192260542
598,-17.844294240155108,-2.490405848071071
599,12.021223526090486,2.269659656559203
600,4.845963001427247,-8.927618277973293
601,-2.147331852845637,2.683359247717755
602,-0.3638390469050049,2.505144912448004
603,-10.832290829983442,-3.3857219047385567
604,8.005468353524204,-3.1837559215680122
605,-15.666376082289267,-6.430898885025028
606,-15.829352726557563,0.06133764072784512
607,10.35290278312531,1.6662888874725343
608,13.814068961411746,8.418793838404419
609,11.074986402582903,3.0196877868927023
610,18.266415884110913,0.43271313353105
611,5.278266142103956,-5.857066326751834
612,18.881660347602207,-0.7608933755084315
613,-24.31501849370903,1.911591287038861
614,-8.478194731871623,1.655062318672163
615,3.667017587744867,-4.835505820125028
616,-23.085693021546092,1.339943569457883
617,6.053020050308777,-4.046727393801754
618,-15.714504511923346,1.5282834961930023
619,-14.606822557381754,-4.682958271472361
620,12.397664539223982,-2.7437114516972954
621,21.494774235106338,-5.549362202297423
622,-1.3930521197295036,2.9628906338145633
623,12.260945440321644,6.711860429826082
624,-23.202035235357464,1.3614520967211317
625,8.952388012396801,4.456228320719421
626,13.290603501233544,3.189888408446841
627,-13.09945268527634,-6.271309769979093
628,10.47802152666675,3.805443077157805
629,-14.328849826212178,-2.97258009166731
630,9.916222166243173,10.71035067361421
631,6.367871024612765,-7.8752934303394495
632,-1.4176904755212676,2.934397178268985
633,-3.527623696269032,2.6651751739423233
634,0.652858066598495,1.823909068076152
635,4.906226641001734,-9.004314435110368
636,-20.000954975121417,-4.703097337177145
637,17.773086805589784,-7.992612940542198
638,13.33667886543545,-4.2319230688430665
639,4.534539852228145,-5.3917830146076495
640,4.867931375812328,-7.607541411818955
641,9.118808870965333,-3.8978269178930076
642,8.028131415239011,1.1107994247628947
643,-18.42768747824398,-3.189029910928586
644,1.3549760504981505,0.7018303060003597
645,10.287239645772846,8.728714868445515
646,6.341387390141548,5.325661787668081
647,18.51391150862126,-2.4045015509942513
648,-7.355147480999676,-0.7955408473822315
649,-12.235347481212884,9.810333490046158
650,-13.638850655730355,-1.180339614175358
651,-12.092749627771726,1.2157339601717074
652,13.704777977270625,5.758977006000527
653,7.73320293293478,-5.496648120553446
654,-14.699115849104883,6.92419257005278
655,8.772957428357246,2.8383763739814194
656,-17.774981476509186,0.5269836740482055
657,-12.649303689846379,1.8638908081788241
658,-14.84529196152332,-3.4460483142998672
659,4.753600827098339,0.07329337810854994
660,-19.55626393828431,-2.077847982758582
661,17.31642358421079,0.030812332289118276
662,-15.954362235450352,-2.3754127176678006
663,16.708365457720063,8.915309698613386
664,-12.139488301669251,9.828187915610561
665,8.238025341341865,3.743060854768093
666,-14.161391474284043,-2.2661738085266805
667,12.197964521877307,6.44980776778603
668,6.571529444236,3.400547993417444
669,-22.59821062238982,2.2247628225196627
670,-11.885530066763852,-0.7281801729214511
671,2.465582705307567,3.3803886439579993
672,-11.275897383482077,9.731388536979303
673,10.369136590049997,-1.8844702664021475
674,11.239683415416255,1.0389961128765606
675,10.717575137512199,7.4460258855319115
676,12.405233308506673,-1.1170388148069035
677,8.302054062327002,-1.1149910923825925
678,0.605116803552984,-7.680992568214548
679,9.438731552967804,-1.3372025314513531
680,2.152692293179086,1.1730966177939455
681,0.073356814976684,3.111920206975168
682,-1.0212435979281929,-0.05876890551820813
683,-13.614536330880702,-5.065793168628713
684,5.788791682779874,-0.0032070730296523448
685,10.585600070666302,-1.2504296758939875
686,4.588171921912739,-5.401554617057709
687,12.065363877389235,-5.50206176386544
688,-23.994011177658983,0.4434594920702072
689,11.374959470312882,-7.399434866858562
690,-13.774440370263871,6.029656788491971
691,4.716544192710068,-3.27955133479426
692,0.2199442663820424,-7.018600873347405
693,-1.7691025692193674,0.15048375597998262
694,6.3116330100731926,-8.442463286765324
695,11.217978855489747,4.771208262607102
696,-13.83262307747669,6.747850971576827
697,-8.699895163184552,3.185478148012849
698,11.819034149546352,-0.3912295288155947
699,17.52496562877659,3.852524462628709
700,17.396875693945926,0.9107468174166932
701,-7.2558270492922325,0.06979834539021887
702,-8.728766899564853,-0.8508007887652682
703,8.663213094227894,-2.4121971708157175
704,-16.507514470084395,-3.794861684332338
705,5.952148138169905,-9.17922872957277
706,-16.79396533031379,0.429598839771171
707,6.541507008431748,-5.630460886838309
708,20.888024702304058,-1.0069748996217778
709,21.57989844099085,-4.467565354710993
710,7.928629116268089,11.158977920966747
711,-8.350076740658373,2.7609040835527376
712,-8.642290228289738,-4.356911943518131
713,-4.092831668825467,-1.9998430315086706
714,11.532459582610555,5.988342586369412
715,-7.5269660262622775,1.5966834201359001
716,5.728332892163461,-3.5565336150102063
717,13.115962811399406,6.700688886316972
718,6.440129294652405,-6.134114602529818
719,-19.27258139441305,-4.1983946886666015
720,-20.96323219112331,-1.0551972280128032
721,16.045771944528006,3.937204445788174
722,11.155226661330717,-4.224367122992507
723,11.068235347211447,3.3603064642528726
724,-13.980602672020023,6.853364156609078
725,-19.789992586052136,-3.2526062003518925
726,-20.29530424367264,2.069617763939047
727,-8.746474716413562,-0.06350788597405442
728,6.385609043246717,-4.1615323600076515
729,-20.275226174448765,-6.286115307230197
730,1.030111581602409,0.4549185577534677
731,5.935444965580609,-0.6084048847994423
732,15.357432002032704,3.939418419268984
733,-12.57133326079636,10.00600456431997
734,-12.908327588375723,-9.14841350922675
735,-17.13633496233481,-4.790762624770671
736,3.1170240023443117,-5.007805442539286
737,-18.39548172217381,-7.025884839080716
738,-13.755287871739204,4.477806501574411
739,12.102539750662517,1.8927204550735952
740,18.37570454635201,7.394980775774772
741,-21.367092558243915,-5.149104835388602
742,-9.569800200688135,-1.0083995091539812
743,-16.349475227206142,-1.0380395887854938
744,13.532038099265819,-1.7255149384279556
745,-25.585656259765926,1.1104217691619855
746,10.092898249231252,0.393935860709881
747,-23.228481065596462,1.300577934919754
748,9.260360430759269,7.183071145445942
749,7.577986399456604,3.4361217230085743
750,13.24685992108403,2.787539422678426
751,1.3270996074009287,2.4794745275060803
752,-11.49127644569222,-8.270453820974499
753,8.053135765619897,-6.708847878904485
754,5.014156789442105,-1.775683139491562
755,2.257047428825804,-4.458155302654798
756,10.634679604539519,-4.973564946638591
757,-11.60418133321425,0.5829286538374115
758,17.79432553389686,-3.112988069821943
759,6.269930955264843,-7.34160633296117
760,18.45525480591201,-1.5164034246665667
761,-22.24703160172678,2.7581791508024707
762,-8.742704372035215,2.1899129382990004
763,-21.45144477258708,1.878360105548225
764,-14.401887798628348,-6.265781402868541
765,-2.8761430720645516,-2.929794488638473
766,5.14170197151407,2.806552307010785
767,15.3992003468428,1.1744140460204338
768,-0.02527424982175603,0.4879595025750346
769,-10.885089441732699,-0.22537472563743438
770,17.417675815289005,-7.7098606538084224
771,-14.272143534771832,-7.099858143515294
772,-14.859807433825408,4.622151896297395
773,6.222658856301215,-7.502455641953172
774,10.169615235369267,7.374695429491871
775,16.904955217083955,4.564708066598945
776,20.887776284886588,-4.900044187011648
777,-8.455741467455525,1.7266262967020212
778,20.14814752037731,-0.46628481593805476
779,15.227120856973917,-2.3265268143591085
780,-2.8406098747666397,2.6203682471895724
781,-3.3235441283709006,-2.102165118497811
782,-0.40368924894186625,7.5837014801151055
783,9.376715536145664,-0.6483548051333252
784,-24.716517871879777,0.3815606965428772
785,-25.217176362487095,0.7396117389680024
786,-3.497337637604344,-2.2965556547519195
787,-15.261582503578529,0.0276632503924791
788,9.028895671911968,-4.594063488251914
789,9.088379540285217,8.884451632281664
790,15.870635451616993,-1.2007397724768851
791,-8.453502228937568,1.7417641467883884
792,-9.692311924574124,8.56593927028253
793,-12.684751632352057,-0.29477634868188846
794,-22.753900375946095,-4.8189982317315945
795,-15.177482003041979,4.400656117882998
796,-25.266989545538554,1.478315738037888
797,-18.805748365254107,-0.807925303503087
798,10.647129905682526,-1.04594954795978
799,-14.716529013738342,-2.2595087582940923
800,-22.040812901559505,2.254493684882051
801,5.172474150902105,4.150376295841783
802,17.7320370144379,-2.4982128455244688
803,9.226947396378941,0.6210776744528791
804,-10.718329235658912,2.3978275116822214
805,-5.538906228883507,1.2012726592631102
806,-4.273919554717222,2.102298687656818
807,4.602422299258629,-0.04552099373151224
808,-8.273084417964812,-0.09368293991961414
809,4.344897559374841,2.3478761963481594
810,1.1752235310102823,-0.5804869948646769
811,7.020861716663356,-6.78532545780028
812,11.174102671906324,-0.057215363096272585
813,-15.224212067315248,4.527674218116398
814,-21.6731674366658,0.16246216952938555
815,11.479732332250602,3.882483163765272
816,-16.511222686975184,4.429311532449761
817,-3.8659368338870954,-2.0819687143487764
818,0.44290691182423353,2.204111439842266
819,-21.048625836311412,2.9155673197067062
820,-13.46859569290582,-5.12741978309886
821,-15.74851079074033,1.0918177796332018
822,-21.280196069661688,-5.6009675127855285
823,17.553066720346234,8.04236405002867
824,9.533814457314497,3.4111406660134436
825,8.670290610314005,1.7685245146279325
826,12.925623945165365,9.701006672059961
827,12.008201304627324,-9.628203761461798
828,17.175822593320493,0.35025919160465724
829,16.41780358739506,-8.972378875216444
830,-4.181487303220157,2.07721865706561
831,-15.116292742350728,-2.4501438858373543
832,12.777781066523819,-0.9319608858059952
833,5.814361281498317,1.394869782398346
834,-20.15411988092195,-4.386618758344824
835,-23.659142530853025,1.5014523186322166
836,-10.965906269088606,9.617841204085362
837,21.05005616162799,1.785852851445439
838,7.597934191990902,-3.8687151187278737
839,14.343068945637562,5.342622262732554
840,8.778842890891925,9.613635649723362
841,5.72800929192711,-6.477079284957816
842,14.09083184140965,9.332968015569767
843,4.428594327900451,-2.1429336444840374
844,10.675480696000372,-0.301380467183423
845,10.517870837446385,9.01250180174031
846,11.556983554579505,-0.887007498128234
847,0.09346644610758223,-6.750231544102437
848,12.275857460218795,0.16746821413159127
849,13.377305179027317,3.7863733444321075
850,4.295761089854392,8.231409769681989
851,12.067586788180456,3.627949244686985
852,-10.292097926986592,-0.9870201097625004
853,12.041893947002709,-1.7110379382864627
854,-18.473307949977382,-2.714499410378093
855,-23.155166271259525,-0.18161849459171936
856,-12.564778197916356,-6.299399604541797
857,18.30298878280322,-1.5778704173765368
858,-7.37211975991649,-3.439974743967752
859,8.269532815750166,-1.9047624029178607
860,-2.1428039228566194,-2.334866822873456
861,1.405846900152069,3.116087018271238
862,-14.110587587703584,-5.281824321953847
863,7.084752196023143,2.0714381534748116
864,-16.66870249940724,4.403412495809761
865,17.428638134960572,-3.3058532904196616
866,-13.415641478488888,7.277759644080307
867,-1.8842563176347902,-1.316263020441278
868,-16.13432141652048,-2.216019658663513
869,5.538141791652077,4.950841431906817
870,-22.17148560467943,-3.7864408322314453
871,17.9185563065481,0.9859839506537273
872,-24.343101665437143,3.049844626136865
873,-11.303884665478265,-8.763648608460748
874,-21.268790764362855,2.1836092427280636
875,0.5884729667023991,-6.162421271089011
876,9.133738391492257,-2.941032236261166
877,13.82123343905496,2.6858514242598743
878,-15.52371192673424,-2.9461630074457643
879,-13.747877440905896,-6.464736615361916
880,-5.445543547063122,0.9983286666120829
881,5.352227303745198,2.013798295718362
882,17.72783694533964,-1.9787953301187107
883,3.1982525816652734,2.390339746443266
884,1.9701071125558822,-0.26857886258083175
885,-11.482733976758116,9.805595115356548
886,-7.0504809895709,0.9410620723482155
887,-14.348744291869147,-2.9334964578133387
888,-25.919520368048257,1.663573322399
889,20.286596388629597,-1.6134514456350504
890,-14.203711482325362,-5.248683426276875
891,12.423023567877744,5.599325300614826
892,5.7899251928256135,-8.659110099353308
893,10.67516723859275,0.18808929119592843
894,13.949494463313354,3.85434716461647
895,1.7594449206136569,2.343537179963038
896,8.648221487103003,-6.850124884243821
897,6.4131915104984545,-6.516191628727559
898,14.180498145391518,3.383906778317606
899,5.087899742527927,-9.109789354904208
900,14.153549617380204,10.445011055315472
901,3.994114928245244,1.1112351543139962
902,-3.1686585462335306,2.96381594959683
903,-17.25854150497695,0.8206537579173911
904,7.54144443648152,5.607898051940319
905,-22.249462310401807,-5.355335042881776
906,19.728013823737502,-5.6234709595026215
907,-0.5999961967786178,0.8680088582265704
908,11.2965244150221,7.394042670830271
909,-7.255038386596303,2.4664260741823005
910,5.894271858720631,-7.129639009119489
911,-16.39761470857111,-5.126381150355329
912,-12.777441303719034,-6.685494782322886
913,-25.272341818727142,2.242221356035644
914,-17.321775050882433,-0.11158390901699924
915,-12.947264903006726,5.215211138983548
916,-10.884566197933701,10.346067201297615
917,-9.90864805922634,8.730003933231515
918,-13.06582900932769,-2.2851206694535273
919,8.08507513790684,5.1032434582289685
920,-10.193354894986067,-0.08672687272028252
921,15.751123506617018,1.9627873545697043
922,10.28188628333522,1.7310789365531964
923,-14.139984795772603,-5.2918617436245095
924,-14.521602902889432,-6.105676392910765
925,7.077037219434543,-4.105556998804357
926,17.220498099211092,-3.6776331366576076
927,16.59006485394392,7.464834822737409
928,2.462223951231035,-4.258509257668585
929,-21.223588013175547,-5.001170191422566
930,7.754435633958385,-3.574993173979378
931,-7.36941692166317,-0.3478607054332213
932,-9.804871989323557,8.802244332473004
933,-25.126135629687923,0.803939258658592
934,-19.721731318405503,-6.929837135780194
935,-14.180474030427893,-5.576575749121064
936,-5.570977956016515,3.7263604613721513
937,7.441793773905858,0.15019499509629
938,12.085121958714037,4.5708599219729065
939,-22.251572889349077,-5.210334707931444
940,0.38902309192830764,0.20883663799766738
941,-24.752450122618594,0.9928771203883305
942,-19.43993837956032,-6.891000480932304
943,3.365743407080399,-0.3188681118858147
944,-13.855360855486436,-5.90173343531742
945,-12.106891415686336,-2.3299226953978556
946,-23.23828008615569,-0.8149993820092059
947,5.68485781361892,4.318051705352936
948,16.3039158583791,-3.731935458264306
949,0.9619687496243419,1.1470555291161468
950,-25.540637290311857,1.6851599758592746
951,7.721768579155332,-7.67358105101502
952,-9.724275932176836,2.4856690523954024
953,15.312179776188154,0.5532282002741994
954,17.586651543765505,-7.489626567382389
955,13.971890636087796,4.67280519269785
956,5.227849398257248,-0.9530331153338225
957,9.871887792624666,9.050471070185925
958,5.548280094979103,-8.690805544929567
959,-11.08539322033352,-8.709991897130205
960,18.385031853445568,-0.6525213066169712
961,5.878590782076061,7.157305049547592
962,-10.346202544273897,-7.952464186153903
963,-22.6642363476641,-4.9100628806682485
964,-3.3802079753659755,-2.2569386078596114
965,15.436316601486165,2.903580836501074
966,-15.29751935354752,-2.524807050304021
967,-18.907193990110958,-1.440763876712292
968,13.826141939320149,0.06554007122992399
969,-12.828025589664584,6.11809385863267
970,7.357897436228014,-0.8750957091828341
971,-22.963088702867907,-0.32954909579172237
972,9.354742437976434,-3.6770188385438916
973,15.404327121301963,3.5151905162291386
974,0.7667837996206159,2.003271427698846
975,0.982215207065,6.6599854875366455
976,4.976317147569067,-4.566071964385109
977,-13.925454628595244,-6.131520768880271
978,-21.062480162656602,-6.78586991759319
979,5.4201627875137355,9.986356461970441
980,3.799695357233391,2.3893097409087605
981,2.2620730154629505,7.416368684672192
982,10.31833909438675,-4.294259472837667
983,-16.233103862978997,-4.069040634310948
984,1.327365041122247,1.438567998044462
985,-20.23293585574641,-7.77503694278054
986,-14.068328643408629,2.3934984893233064
987,-0.6339538010227382,-3.3276602504441573
988,-10.336028884208671,3.5255467483850826
989,7.794635719118819,6.199654241354845
990,-9.168429800455051,-0.0737242193079516
991,18.008413231917082,-7.188121578329447
992,-24.2695786002809,1.6652916988978117
993,-20.36093546503994,-5.037048774458474
994,2.7808997584317323,-2.807515734093395
995,-11.345347970836263,-8.707882454056925
996,-9.450001867398024,-0.9290606750649427
997,9.596524903538857,2.5053593946916326
998,17.313239160097694,7.6775891203336375
999,8.035967755713935,-8.821019102319797
1000,8.000104717248787,-3.049809063391392
1001,-10.952402667088027,10.321222154736885
1002,9.038198197230594,3.7655716706133058
1003,-16.56431078041919,0.3691277998942482
1004,4.995177074122105,-6.189177099466211
1005,13.462515339087581,0.9025504624861577
1006,4.89477828728313,-8.949733555993827
1007,13.4898111986786,-3.7987525257626333
1008,-16.18793160502285,4.517946892070352
1009,-23.852484843449144,1.8491113593627357
1010,6.205105564629913,4.582085808012672
1011,5.586549291862765,-1.7760622187448574
1012,20.580095837253353,-4.1399567499645595
1013,-0.5326873112686252,-2.5963231278843475
1014,10.48663913097489,-3.460023356361348
1015,0.5123788694411533,3.813542165953616
1016,7.790645645744594,6.433160499538276
1017,15.404316239401364,-7.534487734719319
1018,8.758726884986242,10.598969741575319
1019,11.557367564401755,7.822546216714248
1020,3.2045491832607045,1.1833344130663788
1021,-25.591896135023642,1.6185951706894688
1022,8.708979871568397,1.4170116877557242
1023,-21.468985345596977,0.7404447738439983
1024,10.65068704209991,8.2119737786847
1025,-23.698477132840807,2.1464836605157402
1026,7.401335241214791,1.530476377542013
1027,16.74440690002046,0.040241330079045894
1028,7.005489459041568,8.174687466694873
1029,5.529732550368547,0.6648762190710301
1030,6.1197248883933915,9.024537456745046
1031,8.750037882310595,5.638608840323685
1032,-17.131246938388013,-0.14920021172332648
1033,8.309051770047276,-4.457524309856041
1034,1.583133434205566,2.6052099555412713
1035,-11.34741717306316,-8.792653981205298
1036,14.2984490095314,5.905091438785441
1037,-3.5173903738556134,0.7047487859602783
1038,-20.01493006038272,-0.30928675443205544
1039,-16.65755931897295,4.230343975836889
1040,8.486810687884672,8.238391162279402
1041,3.7657515208278216,1.9011861697895176
1042,6.2483447104836705,-1.5159370056707857
1043,12.90746027834285,3.303914550716208
1044,-12.763662593437477,1.6051152277334297
1045,18.259328650210904,-3.1589606456851085
1046,19.47068549291654,4.90893283961991
1047,17.35017455641196,8.25795206710667
1048,5.0046180514057825,-9.16829459670652
1049,-15.296554670025525,7.895302450808314
1050,11.862894396295793,-1.6859257691921044
1051,18.288429831512108,-2.108905647856471
1052,17.923964583364587,-7.060700868932606
1053,9.237292533792637,-6.097960601536209
1054,-12.601725729133522,0.4526479803193435
1055,-10.785747181363487,-6.683670194583276
1056,17.758382366240014,-2.806108874274656
1057,12.227626144618974,-4.14767133264214
1058,10.054848483427987,8.073143153562745
1059,-15.032635446630612,1.5735571070730818
1060,-13.119557136140427,-5.655562139215465
1061,-14.650161889567055,-2.16643184070225
1062,-21.155832985614232,-5.906163951737115
1063,2.5980464919220716,-4.360463421356538
1064,12.568625599573489,4.263938863355884
1065,4.738047431144443,-8.542893027345215
1066,15.884614803025856,-3.7634823529577788
1067,-15.407264592460368,-5.058544823669261
1068,-12.477650687891032,-1.498459152910657
1069,15.126372484696825,1.7483856112076355
1070,3.141181740722261,7.478273985302646
1071,15.43188315528949,1.1017895138558604
1072,-17.49101873394284,-5.745900778365816
1073,9.663615490506976,-6.6223019838909725
1074,5.1008690003234225,-9.308074294027493
1075,-9.00474351982444,-1.5208983243916143
1076,-21.8843364749781,-4.395386695368082
1077,-15.130367014172768,-4.780005108433502
1078,1.079994464184063,4.353139927007234
1079,-11.24296544365207,0.5929509189098645
1080,17.777307392285675,1.7001428716032954
1081,17.01951634708448,-3.42038940040137
1082,-7.142896525674224,1.5895291897764692
1083,-10.458389816760803,8.86119984216481
1084,-10.294635975501198,-8.935779120351263
1085,-21.386877714220226,-5.101662870639154
1086,9.83243732653466,-8.85829557821453
1087,8.415889768166481,-3.2769664183871305
1088,-16.230637597214574,-0.4578662733996742
1089,-11.756152159131467,9.766482002983503
1090,11.594674754753996,2.114612855149592
1091,12.66339493009972,10.990155397041828
1092,10.18160748847865,-2.6397054658571495
1093,10.222266942925721,-6.5136028182473735
1094,9.452942959137705,-1.0932930049981302
1095,13.417264014048085,-3.5688159625824922
1096,-12.272005313439445,8.892547298306923
1097,19.857588538139314,-5.160687312454422
1098,-6.748472453874766,1.8712425171039588
1099,17.433822249962184,2.6944152705153797
1100,-25.042374779388744,1.3532318907956848
1101,11.085110243528874,8.72732179985745
1102,7.321596519563084,3.048976113648208
1103,17.603120031323474,-1.6470196604224345
1104,9.943539401172137,3.6192180639611755
1105,-14.432424373335792,-5.175699110394262
1106,18.326801581090148,0.5337794867514806
1107,12.49184622792842,-9.443738208956987
1108,2.7055916705806515,-0.42555707010931987
1109,-25.92645854767365,1.6073704671565172
1110,17.37194687556661,1.8043917017360718
1111,-12.069805703288088,-8.88872193648648
1112,0.7461969094240362,5.6271884363817595
1113,16.224032197060403,-2.1311901300509755
1114,-9.267817164272657,-0.28563562677604903
1115,8.604066841617108,-6.221176466378131
1116,19.181153817633398,0.18017165386207287
1117,16.158605674856492,-0.9912940289067071
1118,-21.76602314582964,1.65733330305943
1119,-12.509800963668244,9.472863822119619
1120,4.5513061553383745,-6.421785802250208
1121,5.262367505757784,-2.887421020010252
1122,14.41862576757146,4.18532957258316
1123,-21.41237928119089,1.9972568687556091
1124,15.734344931803275,6.562554945351108
1125,-14.547084553751338,6.939688826881083
1126,-14.67954358181603,-0.2703860226352022
1127,12.972442905253697,1.2014947876527273
1128,-0.46822225295046344,-2.5036470453291
1129,-13.975232512537316,-6.117083483393353
1130,-15.297840244127048,-2.2224772105140773
1131,0.0914698438037394,0.687012984146812
1132,-21.44853386326596,-4.88741153616124
1133,-16.118002029708567,4.63498351299162
1134,-21.86875336419785,1.682947275084962
1135,22.53276241153721,-4.379203868461617
1136,-17.27275308625949,-0.7270773242853588
1137,3.8805173342142494,-3.542828902296142
1138,-11.767213044682206,0.5196881666294235
1139,0.4566340232523606,6.135193686075953
1140,9.992207955530176,-2.4329764400152367
1141,-6.121553914546418,-3.9395330213781237
1142,17.75942416101031,8.741611634273093
1143,-6.018082753695471,1.9102990972319798
1144,-9.326552672586704,-2.746417867745778
1145,8.697138100603356,2.11839812637384
1146,4.014329239914155,3.5821009943290583
1147,-9.746421865553836,-0.7284578973137545
1148,-13.240710892858326,1.7893927413650546
1149,9.81072541882405,2.311257014241636
1150,14.314695402828963,7.409183387720103
1151,-8.670662415395865,0.24242669379929596
1152,15.585287676167091,-3.772204172461398
1153,-12.949994967550081,2.0389598246213576
1154,7.951724540409007,0.071689287426338
1155,-0.573783944551936,0.41313372801286175
1156,-10.947731789649731,-5.42914306254089
1157,-20.637292332622994,-4.075673531005371
1158,10.680791764599364,8.710858820106985
1159,-8.431570945267165,1.941391789823597
1160,18.517819296802976,0.45944983226612934
1161,-12.24415915810534,9.755616442570442
1162,-11.799443472781816,9.830615303686006
1163,-23.370135414796266,0.9865629199350868
1164,15.0619341226128,2.271399221476562
1165,-13.868660151164422,8.438877676135519
1166,-6.250931777053777,-0.9788953407486999
1167,-20.166409603195085,-0.40376595854264696
1168,12.385748160338858,1.459905754505376
1169,-0.3439657035586547,3.7134476440087285
1170,-11.028924915995798,9.299959973760316
1171,-15.592704865794467,-0.5113681180527698
1172,9.750203357095724,1.075067416055027
1173,8.467001431529738,-4.146395681755535
1174,5.967951223881372,2.0865289220037817
1175,10.984479663249846,5.415224180791367
1176,21.48549508762859,-4.018959487115872
1177,-21.48284041739761,1.89627022672555
1178,19.33176295437629,0.6535155127826362
1179,1.2281116590752916,3.662448377749688
1180,20.587363393247664,-4.357261418983105
1181,-9.727295631557059,8.619656888667407
1182,3.94026541252456,5.898084791617113
1183,-15.842212271955605,4.327996597766832
1184,17.855405239175955,0.301717449677584
1185,5.120117350214532,-9.305077872767187
1186,1.8328800581353981,-1.056731032960802
1187,-11.15611414175242,-8.785119231765371
1188,7.600994665716105,9.152731432317715
1189,0.7136582558633822,0.056207690183416884
1190,17.13494726591688,2.0219749983504056
1191,6.735171011363175,-5.804656620268673
1192,-14.486511887424218,-4.546823105361222
1193,12.100170869050224,-0.08463959082070384
1194,14.813047968817632,-0.09663445480194652
1195,17.262918280124506,-0.1656495833038418
1196,0.5815440838798052,-0.8077785840423739
1197,-11.648097742584712,9.886204573098555
1198,-15.749441056213632,-4.6640780310466585
1199,14.040809819582945,-3.446079891276846
1200,-25.871790405786633,1.6848982383309672
1201,-13.868810979172524,3.4671115425349743
1202,6.921221738209354,10.145097954877194
1203,11.260161941116875,3.1074506713986403
1204,-11.36315296867137,-8.27443069943296
1205,3.9292195734243083,0.35419148820796464
1206,-22.289116135906866,-3.5200991835571434
1207,1.926361654023605,8.611791973646161
1208,18.168217705030038,0.9155739787061445
1209,5.254773579142403,-8.918557446853855
1210,20.017820810300258,0.9566630510467209
1211,-2.58123750753519,2.4960691798687997
1212,12.622006228293978,5.513846319235934
1213,12.817723889738074,-6.7146395030654835
1214,-8.706408557552658,1.944890660244447
1215,7.275111268473961,-7.511491246088947
1216,-13.646423870070763,-6.63873011985654
1217,3.9563595103668443,0.6897294318265385
1218,-11.598361197527824,-2.62008914353836
1219,17.025478545104335,1.3255421172785864
1220,20.760510236851175,0.36860780749611527
1221,12.551577571233024,-9.427766392713623
1222,10.282557222301746,1.6193676480375883
1223,10.319352453893982,2.3044142096117795
1224,-21.903839329417643,1.7933105145761241
1225,12.255919357586684,7.343174754199261
1226,-14.308389154191016,-5.063377045137329
1227,17.326993310448138,1.2137618713890028
1228,-11.358137462489259,-8.613884263786899
1229,3.2182129458833715,3.4040743602435746
1230,-0.8110144956941749,6.488322746671723
1231,7.027715332526921,0.9766892396913917
1232,8.86913207384562,-1.9427963831842427
1233,17.358498105700832,-3.550981730382905
1234,-2.183274793169968,0.23816571010211368
1235,-14.920291662276336,-0.9477545430900473
1236,12.345531445410717,1.8599873968166845
1237,-15.163349670037306,3.92323908532025
1238,-21.637916159004245,-0.22300269855471985
1239,4.509960271602684,-8.238216330435073
1240,-21.068299312905783,0.3992855647735808
1241,-4.4284295228010695,-1.8676440148154971
1242,-9.826582351913325,-2.593238629680451
1243,-21.92168997282186,0.6084834691363611
1244,11.862928780677528,2.542130188222546
1245,16.436503707908514,2.7462934828442096
1246,4.813218935350331,-0.23394884329416066
1247,12.756228282425461,8.734784758843992
1248,-22.368558744076033,-4.694729039979068
1249,-1.518262841416828,3.920272786043864
1250,-17.638777743250717,0.23100508861502303
1251,-20.816573736576842,-5.995440133090686
1252,-20.084514375176433,-6.709958551243376
1253,7.642469004347415,-4.481155071657856
1254,-14.339167568172673,1.2402828832887258
1255,-16.05046772577456,-2.7300950160779918
1256,1.6850201272503365,5.551435390606277
1257,13.470192095731376,3.4797527045715855
1258,-19.329024427553712,-7.075334923923878
1259,15.748345744730836,-3.0611361235991827
1260,9.376703407597343,5.269239630706064
1261,3.1701259664135093,4.348677503015472
1262,-14.384036298758343,-0.4160342809040877
1263,-17.27219185147694,0.04128438883280668
1264,-22.347645672707316,0.5245151867842143
1265,5.81832805927626,5.861321601089315
1266,13.666162839573344,5.615212767345622
1267,7.018464620525164,-4.061887801378606
1268,-11.752174709885479,9.962057980403978
1269,7.281289754262651,4.382690698109082
1270,6.424306247536768,-5.610663507927698
1271,16.085735249097596,-4.785160014200128
