,x_pixel,y_pixel,layer_type,cell_type
0,49.77124718410813,4980.7776640043685,L6,eL6-2
1,53.47311391818288,8729.177424962336,L4,eL4
2,46.31549262675519,11547.566359203338,L2/3,eL2/3
3,37.612810621691935,3280.980263748094,I_CC,eL6-2
4,45.35031185031185,7582.793601293602,L5,eL5
5,50.13700344072568,4691.683640913357,L6,eL6-1
6,48.9578282102844,12817.143809250216,L2/3,eL6-1
7,91.88149725031045,3426.17491573532,L6,eL6-2
8,84.1451196662778,5157.435323646905,L6,eL6-1
9,61.31039593478721,1480.0390641541394,I_CC,Micro
10,55.56052130788305,9461.603944409204,L4,eL4
11,58.75377177627741,12633.158039509875,L2/3,eL2/3
12,73.60596399099775,10688.079207301826,L2/3,eL2/3
13,73.38752389718898,12065.723040430505,L2/3,eL4
14,81.66815502768351,13121.71030541168,L1,eL2/3
15,74.05760602113186,4216.013943165919,L6,eL6-1
16,78.53595908467784,569.0051671412,HPC,Endo
17,89.30364673778219,2851.3394525758704,I_CC,Oligo
18,97.24617916764636,1324.54543851399,I_CC,Astro
19,134.0175016056519,3272.789499036609,I_CC,eL6-2
20,125.94064051503082,9137.065470020189,L4,eL5
21,122.75309376487388,9265.449904807234,L4,eL4
22,138.48084990465813,3603.8647779896487,L6,eL6-2
23,126.79167387418556,9856.904745430433,L4,eL4
24,133.46355442088262,9993.975459803054,L2/3,eL2/3
25,135.47829931188252,11006.365663322184,L2/3,Endo
26,133.09269435914013,11766.123323096816,L2/3,eL2/3
27,143.75221975582687,4510.078200147984,L6,eL5
28,127.16596127393926,12922.530949105914,L1,eL4
29,154.9392547002782,13714.760391198044,L1,Micro
30,159.9070197044335,9423.857943349754,L4,eL4
31,168.39476935749587,2553.5340472267985,I_CC,Astro
32,157.09036392767223,6873.340535591668,L5,eL5
33,173.70480446011314,7081.700869066164,L5,eL4
34,177.94879306304196,5523.4938481368645,L6,Oligo
35,166.74453736174806,4053.37271828073,L6,eL6-2
36,157.1312199036918,6314.988253319714,L5,PVALB
37,159.98455181182453,1033.0219326128415,HPC,eL5
38,187.9717783772567,2246.444957460054,I_CC,Oligo
39,173.63814262023217,2811.9539800995026,I_CC,Oligo
40,170.8976355876764,11304.52256939036,L2/3,eL2/3
41,197.695188232361,8723.938967838445,L4,eL4
42,188.58451053283767,10627.52156133829,L2/3,Micro
43,214.4548411873673,11822.7615325532,L2/3,eL2/3
44,184.90604125376203,934.070542464949,HPC,Endo
45,224.0120278727087,10469.804669122545,L2/3,eL2/3
46,217.9780703705351,5405.77069525377,L6,eL6-2
47,253.0161472523091,12753.131171506411,L2/3,eL2/3
48,255.1228003475994,1346.5820117314795,I_CC,Astro
49,235.1176622482355,2669.91797211224,I_CC,Oligo
50,239.60476888867865,6022.428537635426,L5,eL6-2
51,247.52298633245096,8838.501323537355,L4,eL4
52,282.032728985166,2801.5233105721686,I_CC,Oligo
53,253.98379227188605,3288.2227020357805,I_CC,eL6-2
54,297.10435875943,1020.5396060352052,HPC,eL5
55,258.26415020228603,9739.765544601123,L4,eL4
56,305.89810143643854,10631.29537489891,L2/3,eL2/3
57,289.7450626824661,3603.8706422806113,L6,eL6-2
58,292.28753796507215,6890.985098709188,L5,Astro
59,307.4996456892188,12261.389775603173,L2/3,eL6-1
60,326.1601079622132,907.5889338731444,HPC,Micro
61,311.77279028049577,7611.680854533594,L5,eL5
62,312.20099508113304,1540.9478713179171,I_CC,Oligo
63,311.7581075925219,221.481114078596,HPC,HPC
64,323.97421705640886,10343.778746367789,L2/3,eL2/3
65,324.6981745197362,2668.301729905381,I_CC,Oligo
66,341.4209232349919,13298.490532804932,L1,VIP
67,341.8150002878029,4919.207390778794,L6,Oligo
68,347.4145159727381,8243.814302787558,L4,eL4
69,350.19606649674745,8525.112070605242,L4,eL4
70,362.9529848013185,4367.885552096685,L6,eL6-2
71,354.5161568537259,9874.984245630174,L4,eL4
72,373.7048832271762,4236.00553303738,L6,eL6-2
73,356.9109477124183,4009.928921568628,L6,eL5
74,364.5000910498042,8916.875944641719,L4,eL4
75,377.9730037646127,3486.9976223499107,L6,eL6-2
76,356.881252446184,1196.0749902152645,HPC,eL4
77,398.0127775515956,11586.146847890765,L2/3,eL2/3
78,393.3266555048785,113.55008371341148,HPC,Astro
79,366.4395556303653,11266.302676317118,L2/3,eL2/3
80,364.4475446428572,9341.235639880952,L4,eL4
81,398.2109253499223,9724.855300673924,L4,eL4
82,389.2617677286742,2213.414953751285,I_CC,Oligo
83,416.5598510522572,5937.647169574495,L5,eL6-2
84,414.4234716113951,563.179523752922,HPC,HPC
85,439.3453150590466,4112.985992586846,L6,eL6-2
86,427.9383339535378,7674.855403753123,L5,PVALB
87,438.6461563571079,12637.866247755836,L2/3,eL6-1
88,445.3098393155259,1467.2185413188647,I_CC,Oligo
89,444.17389624724063,8116.014514348786,L4,eL4
90,448.1179097973709,7820.841310189557,L4,eL4
91,441.4962933870096,12177.441651529283,L2/3,VIP
92,473.9714099085519,4900.319013164506,L6,eL6-1
93,453.61641433331386,6866.15373823581,L5,Oligo
94,453.5991583631615,1275.9749443745768,HPC,SST
95,484.072958635509,10801.314967767928,L2/3,SST
96,482.4385218788394,5641.312541347699,L5,eL6-1
97,464.7853141377025,9934.885729775317,L4,eL2/3
98,483.4840335270222,9067.2963953309,L4,eL4
99,501.5311682650392,8947.835058849172,L4,eL2/3
100,519.3427151051625,10643.39586998088,L2/3,SST
101,538.5165622202328,2229.62260021884,I_CC,Oligo
102,542.4450906602806,2784.7742473486146,I_CC,Astro
103,561.4461699757552,1263.36970054387,HPC,Endo
104,542.8382405108194,3535.085668676836,L6,eL6-2
105,581.9279210028383,3946.09892384106,L6,eL6-1
106,567.0376440460948,7586.721425522834,L5,eL5
107,600.3370602067528,7417.800834109766,L5,eL5
108,590.443494145977,1362.9635472888815,I_CC,Micro
109,586.4473935264054,8636.667563884157,L4,SST
110,620.5926933358345,9373.896543638324,L4,eL2/3
111,615.9554935976869,9657.67508261049,L4,eL4
112,632.935545767738,1841.6568400854733,I_CC,Oligo
113,603.3552327948962,5819.910818514999,L5,Endo
114,639.963844842725,10940.970249470583,L2/3,eL2/3
115,635.1078405315615,3404.89634551495,I_CC,Oligo
116,628.1883816087003,12572.14918703564,L2/3,Astro
117,632.0201952085182,4779.012954747116,L6,eL6-2
118,643.643438197394,11057.109207400475,L2/3,eL2/3
119,655.3500151653018,11168.432211101,L2/3,eL6-1
120,637.855281073721,4292.127796148609,L6,eL6-2
121,646.1267343268242,10519.834275436791,L2/3,eL2/3
122,676.3642469135802,7097.457481481481,L5,eL5
123,668.3987540789084,1671.3903292791456,I_CC,Oligo
124,676.2134362348178,4545.621457489879,L6,eL6-1
125,673.9942589648472,5950.098745804628,L5,eL5
126,686.2334026474616,6704.930770401176,L5,Oligo
127,692.6813448751725,1317.4340107891103,HPC,Micro
128,685.5635495744191,3561.400046008742,L6,Endo
129,680.25016137842,11700.779482595955,L2/3,Endo
130,667.8535137494544,3223.252509821039,I_CC,SST
131,680.9378687819936,3731.8066116994255,L6,eL6-2
132,697.5043074884029,3913.0114186674814,L6,Micro
133,708.3771486349848,9213.22739018088,L4,eL6-1
134,695.1128037104804,12084.397770307649,L2/3,Endo
135,711.5579401679082,5614.942710180915,L6,eL6-1
136,718.9760603204523,12519.819557021678,L2/3,Endo
137,719.7083195383815,13014.974554225984,L1,Endo
138,740.7602456280871,6393.11002536377,L5,eL6-1
139,741.6231362960832,13535.715902008726,L1,Micro
140,713.6905891885635,6932.33510823012,L5,Oligo
141,732.3090575275398,4401.292594859241,L6,eL6-1
142,730.0242620546354,1122.0925258204486,HPC,Astro
143,720.2836755559342,5458.770682457187,L6,eL6-2
144,756.3313500939429,10025.159345083654,L2/3,eL5
145,748.7111281657712,10403.334663596828,L2/3,eL4
146,770.2260491781251,8280.727639181261,L4,eL2/3
147,750.6728680422445,9465.485736836172,L4,Micro
148,790.8235075182373,12132.393776983772,L2/3,Endo
149,772.7336667376037,4188.768833794425,L6,eL6-1
150,778.4997173544375,11060.377275296778,L2/3,Endo
151,801.1502806173581,9881.11054319503,L4,eL4
152,795.4436134330547,5276.054602336609,L6,eL6-1
153,771.2752859477124,8461.276511437909,L4,Micro
154,796.3022371475134,818.8129784186873,HPC,Reln
155,806.1393050035667,7467.520177315806,L5,Reln
156,813.5073337123365,1440.0329164297896,I_CC,Astro
157,793.4481003111154,1555.0842368247384,I_CC,Astro
158,791.543545398394,4648.338248919086,L6,eL6-2
159,813.9931034482759,4754.171814092953,L6,eL6-1
160,831.0357597564351,6967.80464987545,L5,Astro
161,817.9962917181706,11574.510636913668,L2/3,Endo
162,842.3512755325677,2837.4873761725257,I_CC,Oligo
163,840.0728373625395,3234.984105783358,I_CC,eL6-2
164,831.1210202411867,7907.473266692754,L4,eL5
165,838.315230317926,9231.32137477206,L4,PVALB
166,800.5469781615033,12877.200545962418,L2/3,Endo
167,842.5637495384291,11373.040512739355,L2/3,Endo
168,826.7362000609942,13055.215065568773,L1,Endo
169,840.0530683133925,13185.687958317252,L1,eL2/3
170,828.5061547325965,4038.056256874968,L6,eL5
171,826.9615140083923,11875.328105794091,L2/3,Endo
172,839.0049395161291,12336.85685483871,L2/3,Endo
173,844.9705406078724,5526.636273044345,L6,eL4
174,855.19614616281,10719.62339770268,L2/3,Endo
175,861.6840534085975,10356.890306122448,L2/3,eL2/3
176,843.359022556391,3550.542351973684,L6,eL6-2
177,875.461273231856,10953.944621983012,L2/3,Endo
178,874.9891568814134,8471.899555696604,L4,eL4
179,859.7859316092334,4976.649381572855,L6,eL6-2
180,864.8534292405487,12690.877985948478,L2/3,eL2/3
181,886.4602851323829,11714.546982947966,L2/3,eL2/3
182,889.5402085747393,4411.115720355349,L6,eL6-1
183,881.0151925865221,13788.879467944273,L1,Endo
184,893.6447184271909,6485.4471842719095,L5,eL5
185,900.607730070911,4637.071612249669,L6,eL6-2
186,914.0714958997078,9517.001178244886,L4,eL4
187,900.4687244935817,888.5757215997626,HPC,Astro
188,895.1677064062299,3716.0996859269458,L6,eL6-2
189,921.8537626628076,4138.465340086831,L6,eL6-2
190,933.8971897653172,8235.884081956903,L4,Astro
191,948.9359735504283,6364.388638060364,L5,eL6-1
192,910.2877265347316,1004.05445609724,HPC,SST
193,932.5363625138906,12384.059204840103,L2/3,Reln
194,952.6380230642504,12538.381911037892,L2/3,eL2/3
195,977.380003465604,10618.73932882805,L2/3,Astro
196,972.912644180834,7647.79954080796,L5,Endo
197,988.9543336439888,11272.80827586207,L2/3,eL2/3
198,994.6602967184124,10170.079534289644,L2/3,Endo
199,1008.209675345548,11875.101639344262,L2/3,eL2/3
200,1034.7488358967123,13789.853722778797,L1,Endo
201,1013.0953801051356,9584.54918115649,L4,Endo
202,1024.2768912612134,8028.457284185228,L4,Astro
203,1036.5420300550113,10793.503522071647,L2/3,eL2/3
204,1040.1873746691265,2758.0492901259327,I_CC,Oligo
205,1041.3168705355774,6528.879456758331,L5,eL6-1
206,1056.857094133697,12850.602546612095,L2/3,eL6-1
207,1045.029442622951,7451.838360655738,L5,eL6-1
208,1048.0291772269272,11622.243741113927,L2/3,Astro
209,1049.5523821887575,9090.29683240296,L4,Endo
210,1047.930825169782,5726.84800769277,L5,eL6-2
211,1062.934996516893,9885.527298850577,L4,Endo
212,1049.030786106033,1158.2631078610602,HPC,eL5
213,1067.625063938619,4688.951023017903,L6,eL6-1
214,1071.7567833630717,10169.6361287147,L2/3,Endo
215,1073.6066669873492,1401.7751695608254,I_CC,Oligo
216,1080.0243892270491,5973.407987992996,L5,eL5
217,1065.068283028204,2219.5365330694376,I_CC,Oligo
218,1087.373806796487,6861.253837342497,L5,Oligo
219,1092.2439880228314,5350.215682605034,L6,eL6-2
220,1094.893311304696,3621.745719435266,L6,Astro
221,1120.6374288964732,4779.453811149033,L6,eL6-1
222,1114.8084596097242,12342.631908862968,L2/3,eL2/3
223,1140.0393228823607,5714.348834145699,L5,eL6-2
224,1126.377805554046,12462.33503613934,L2/3,Oligo
225,1158.379925945517,8655.813805871463,L4,Endo
226,1141.8498570715549,3505.2885793366304,L6,Oligo
227,1178.4572547038767,4218.858736372437,L6,VIP
228,1137.581525179856,8232.027050359713,L4,Astro
229,1155.9821995394286,3237.8386755461506,I_CC,eL6-2
230,1167.0656444050185,4097.700735014573,L6,Micro
231,1138.5043874932685,4985.351918142364,L6,eL6-2
232,1179.3130955622107,8388.112646338142,L4,Endo
233,1174.2736091981556,9025.984789508351,L4,Endo
234,1165.756492465534,7018.495564817784,L5,Oligo
235,1179.7401826325474,11466.457379952086,L2/3,eL2/3
236,1173.2016499157614,1651.9758322198338,I_CC,Oligo
237,1176.5273322304538,10526.49812990002,L2/3,Astro
238,1193.6643689346631,11021.974076176572,L2/3,eL2/3
239,1185.31238433066,6833.349398519433,L5,eL6-1
240,1176.3699524133242,13748.329299796058,L1,Astro
241,1207.2169561798555,5269.87147044106,L6,Endo
242,1199.7851047773845,1782.2939571602717,I_CC,Oligo
243,1202.2432047719108,7913.049481461398,L4,Endo
244,1200.8370755750277,1410.56523822563,I_CC,SST
245,1219.4179494069326,9967.59226133354,L4,eL2/3
246,1216.9567715147034,9134.174335930837,L4,Endo
247,1228.5536152318657,2631.98896156991,I_CC,Oligo
248,1238.4927618185932,9536.791261403903,L4,eL4
249,1257.9059273111634,4676.966338726726,L6,eL6-1
250,1233.0880166330646,12803.096144153224,L2/3,eL2/3
251,1266.2943226705909,8358.900085198668,L4,Endo
252,1243.6683703703704,7821.148222222222,L4,Endo
253,1238.51091533329,10336.177042171406,L2/3,eL2/3
254,1240.4608722548717,4518.31580575317,L6,eL6-2
255,1253.750806451613,12926.94379032258,L1,Endo
256,1264.676071333511,8008.630755922279,L4,Endo
257,1262.722748692455,3399.1265599917147,I_CC,eL6-2
258,1283.5447369414965,244.6287343732296,HPC,VIP
259,1234.7541830970904,13013.608494085049,L1,Micro
260,1306.317455577124,907.7424593101388,HPC,Astro
261,1270.9087705559907,12211.03347689898,L2/3,Micro
262,1295.1897680293982,1874.215606338999,I_CC,Oligo
263,1292.338860850757,3682.6929732128,L6,eL6-2
264,1321.4647151313357,13102.10534591195,L1,Endo
265,1323.8061331863507,1420.7231046750514,I_CC,Astro
266,1292.02640893003,12084.743488519827,L2/3,eL6-2
267,1318.031641972034,9336.88885520482,L4,eL4
268,1319.2253970666463,4339.851014514781,L6,eL6-2
269,1358.1383548067392,5111.3915163528245,L6,eL6-2
270,1349.8987148022063,10808.13406170005,L2/3,eL4
271,1343.883010901758,11487.258774970069,L2/3,eL2/3
272,1335.4775048777688,12785.843337541604,L2/3,Endo
273,1336.9607936037903,2678.318270654427,I_CC,Oligo
274,1349.8813559322034,7341.835791327317,L5,Oligo
275,1361.5315660343483,4549.232661121417,L6,eL6-2
276,1359.0026079740785,5286.568024657209,L6,eL6-2
277,1377.1052381517995,7801.812566813161,L5,eL5
278,1356.90057441741,520.6127119039836,HPC,Astro
279,1382.350651607298,11263.332696206198,L2/3,Micro
280,1400.6383964833483,12231.851927946867,L2/3,PVALB
281,1402.9916097416096,3418.4048114048114,I_CC,eL6-1
282,1420.552375400758,1884.8684348586416,I_CC,Oligo
283,1431.5226926763264,3651.897558775441,L6,eL6-2
284,1408.8456317269463,12515.65684088044,L2/3,Endo
285,1427.9007823918837,12814.775857621871,L2/3,Endo
286,1439.087770081671,8606.801302594851,L4,eL4
287,1448.923017360828,11921.279118102537,L2/3,eL4
288,1457.6785333258465,1381.7812342074233,I_CC,Oligo
289,1478.4570530502276,6039.782731413176,L5,Endo
290,1460.4029592621062,9338.68210351012,L4,eL4
291,1483.0851419829812,4828.04689740893,L6,eL6-2
292,1493.9685551398538,9021.601371815428,L4,eL4
293,1512.1239556692242,10070.065643648764,L2/3,eL4
294,1512.2102300242132,8652.023365617433,L4,eL4
295,1507.4135631136337,3892.744397033846,L6,eL6-2
296,1522.741293143839,5940.649929720444,L5,Astro
297,1520.333703997882,3372.3893036801696,I_CC,Astro
298,1514.155349186752,5579.130817542541,L6,Astro
299,1523.199405795424,12309.481344291393,L2/3,eL2/3
300,1529.3347979570376,6613.906113865104,L5,eL5
301,1542.7372668342373,13328.381576046217,L1,Reln
302,1527.72500573263,7285.562084384315,L5,eL5
303,1544.270006553557,11480.57165222457,L2/3,eL2/3
304,1551.7145608829194,2670.02129210266,I_CC,Smc
305,1552.6270064770488,5232.357457993054,L6,Astro
306,1548.5387638717632,7951.528514180025,L4,PVALB
307,1559.2030879664117,9329.186835511611,L4,eL4
308,1568.58717285302,10198.444671111554,L2/3,Endo
309,1574.9546424434554,8815.330976040968,L4,eL4
310,1584.2507383966245,1263.9676511954992,HPC,eL5
311,1601.9833834822832,4811.229307944492,L6,Oligo
312,1590.6856465975002,7712.822645208725,L5,PVALB
313,1594.4918399372302,6921.35606120047,L5,VIP
314,1587.3880855550535,6774.151265250791,L5,eL5
315,1604.5712065555242,10561.55147405105,L2/3,eL2/3
316,1605.2841184467168,1630.314853123707,I_CC,Astro
317,1617.9510173880874,4273.5957084720685,L6,eL6-2
318,1631.1255359394704,1891.352522068096,I_CC,Oligo
319,1641.9932057681642,8604.25672490294,L4,eL4
320,1650.7361802788844,12538.948207171316,L2/3,eL2/3
321,1664.4267238845453,7384.247604491212,L5,eL5
322,1656.910512103842,9048.916102136527,L4,eL4
323,1657.234778621287,11095.625159219442,L2/3,eL6-1
324,1663.4284949997943,12375.602452775836,L2/3,eL2/3
325,1658.3615840826478,8721.750589885849,L4,eL4
326,1666.2062938937436,10370.918618988902,L2/3,Endo
327,1668.4719896043894,11912.445192030033,L2/3,eL2/3
328,1672.9958388903708,6650.4467858095495,L5,eL5
329,1686.336031526254,400.7796357439557,HPC,HPC
330,1693.791512687854,5471.524020694753,L6,Micro
331,1695.1551372193242,10638.058233159449,L2/3,eL6-1
332,1726.070774154831,3419.9983596719344,I_CC,Oligo
333,1712.6989767545324,1471.212823935046,I_CC,Oligo
334,1729.914509109685,7607.075434584839,L5,Astro
335,1723.4058343823544,1831.4354441464616,I_CC,Oligo
336,1720.8317261882075,5065.355604680413,L6,eL6-2
337,1720.2228034589516,2349.474271378243,I_CC,Oligo
338,1741.9230900525704,12812.437598142964,L2/3,Micro
339,1736.826853110069,9733.717967825363,L4,eL4
340,1761.05239713446,4820.262720426157,L6,eL6-2
341,1762.3725104709804,3513.174202923327,L6,eL6-2
342,1771.3279639759437,733.2044486082988,HPC,HPC
343,1774.0475194730514,8600.52736682524,L4,eL4
344,1769.616764921038,4057.067257627265,L6,eL6-1
345,1775.368064516129,6136.400387096775,L5,Oligo
346,1763.1215100275265,10084.821558089743,L2/3,PVALB
347,1793.2527779187174,4429.8645288954285,L6,eL6-1
348,1791.3767296613364,9595.376568136542,L4,eL6-1
349,1795.1033887987012,204.14432832792207,HPC,Micro
350,1792.4679753450357,3672.704542409219,L6,eL6-2
351,1792.1985385423632,10459.302942019294,L2/3,eL5
352,1780.5055629417116,5896.952767476034,L5,Astro
353,1782.5743353420771,4560.327047146402,L6,Micro
354,1823.507459970888,5415.5816351285785,L6,HPC
355,1848.1031523542536,6628.495737742433,L5,eL5
356,1823.6418715923,11077.685434516525,L2/3,eL6-1
357,1827.3464709253624,10945.871798263017,L2/3,eL2/3
358,1850.6793131771424,12398.754018852427,L2/3,eL2/3
359,1864.351121892056,2935.454494565471,I_CC,Astro
360,1855.5598064644853,11521.912485035911,L2/3,eL2/3
361,1916.2506264581352,3673.236282727037,L6,eL6-2
362,1882.765294170646,4553.741418145779,L6,Micro
363,1879.2082220704217,7434.632677140906,L5,Endo
364,1887.098177383292,6522.662375499695,L5,Astro
365,1894.6172371544528,9102.99012175511,L4,PVALB
366,1887.8135247573207,9521.011093890203,L4,Endo
367,1891.643547020616,1536.771251059023,I_CC,Oligo
368,1876.3920858699128,13458.360749759691,L1,Astro
369,1879.9758461365088,3242.1353067127457,I_CC,eL6-2
370,1912.112262745352,7074.8741335751765,L5,Astro
371,1906.7081692640447,11999.200987188731,L2/3,VIP
372,1890.691411238825,8733.114543422733,L4,Endo
373,1922.1116101504604,8474.954367841905,L4,eL4
374,1926.7234364856088,6337.715992209479,L5,SST
375,1944.415974518184,4077.513386017257,L6,eL6-2
376,1946.883203840566,8905.059566672984,L4,eL4
377,1914.5755585602988,2229.736591333462,I_CC,Oligo
378,1951.053044048952,4247.094197583291,L6,eL6-1
379,1938.938500860675,8262.113869907673,L4,Astro
380,1947.499547511312,10193.01467637222,L2/3,eL2/3
381,1940.4930485882185,2129.236849648846,I_CC,Astro
382,1951.102764340014,5990.443538355217,L5,Astro
383,1965.245521023766,11876.677513711153,L2/3,VIP
384,1979.586538030065,13693.87027148306,L1,Endo
385,1978.0406909788867,13803.298437071566,L1,Astro
386,1971.4722623582468,8074.151013617058,L4,eL4
387,1995.0072221315488,1327.4412436755345,I_CC,Oligo
388,2014.5757852539707,9605.875577206069,L4,Oligo
389,2002.164507989908,12071.3768993552,L2/3,VIP
390,2012.004792826221,1674.539888682746,I_CC,Oligo
391,2048.1997622521208,11673.334576106336,L2/3,eL2/3
392,2048.078264238667,2221.314025571484,I_CC,Oligo
393,2019.002628587667,12249.327046035804,L2/3,SST
394,2026.619047619048,2522.381536066929,I_CC,Endo
395,2043.864086290243,9914.660955638134,L4,eL4
396,2050.7697960217915,2086.166730013937,I_CC,Oligo
397,2058.5639953749,5163.644534376946,L6,PVALB
398,2083.2944974820034,12614.597120523991,L2/3,eL2/3
399,2071.441655818797,3174.1782348346783,I_CC,eL6-2
400,2088.9599751670744,4701.313734798963,L6,eL6-2
401,2062.2763548835983,6500.3934709842415,L5,Micro
402,2100.91920165839,11264.252663549149,L2/3,eL2/3
403,2110.9741185099806,9130.210666946088,L4,eL4
404,2129.216723324637,10750.387593222124,L2/3,PVALB
405,2106.3017295351383,3428.0169431835966,L6,eL6-2
406,2104.651668674272,337.5853822716644,HPC,HPC
407,2121.443256165073,12088.09801207851,L2/3,SST
408,2124.0699669967,3812.059185918592,L6,eL6-2
409,2132.80057255456,5413.996319292114,L6,eL6-1
410,2126.9429719644054,8682.971725193762,L4,PVALB
411,2137.1695804769247,10433.53763899367,L2/3,eL2/3
412,2127.005311904113,12316.578089530554,L2/3,eL4
413,2163.473832954832,11364.6960888216,L2/3,Oligo
414,2149.4633296372563,11064.726384708802,L2/3,eL2/3
415,2182.843312597201,2620.13862968723,I_CC,Oligo
416,2185.2718685831624,8496.021765913758,L4,eL4
417,2176.772833485726,12201.394696738798,L2/3,eL2/3
418,2183.4504084014,6304.272741109025,L5,Micro
419,2246.767949435428,5189.623860157356,L6,eL6-2
420,2189.509691060731,3177.2049806178784,I_CC,Astro
421,2206.336791613894,13042.421541944002,L1,Reln
422,2216.756605284228,3705.1120896717375,L6,eL6-2
423,2217.9689373554265,9477.672614832649,L4,eL4
424,2222.635944052008,7248.250865392733,L5,eL5
425,2212.610266693403,7624.078644475637,L5,eL4
426,2257.276474862919,2081.3231816079806,I_CC,Oligo
427,2217.8636169099814,8784.93323505635,L4,eL4
428,2205.416488181004,4035.588924802368,L6,eL6-2
429,2249.071796621737,11604.559972700905,L2/3,eL2/3
430,2230.532759479263,3560.021199402433,L6,eL6-2
431,2262.367477866644,6576.766605363329,L5,eL6-1
432,2282.498119800965,12233.935237588788,L2/3,eL2/3
433,2276.3574971683006,10307.7912354021,L2/3,eL4
434,2279.929575136386,6417.2165647214415,L5,Endo
435,2294.6060115750824,1581.4925633206797,I_CC,Oligo
436,2298.1801054690823,10558.71812537212,L2/3,eL2/3
437,2306.617523930766,6947.637525399662,L5,Astro
438,2302.7943220982534,9010.966353174836,L4,eL4
439,2301.763275394674,3166.387577738797,I_CC,Endo
440,2277.1313954862344,12545.926479971642,L2/3,eL2/3
441,2300.6416842105264,3356.3993684210527,I_CC,eL6-2
442,2318.858218240637,3607.285243249969,L6,eL6-2
443,2302.8447035618983,9188.23651235642,L4,Endo
444,2342.230695900858,1357.3006037496027,I_CC,Astro
445,2311.102144445844,8217.042637122833,L4,eL4
446,2317.1535692861426,9380.86202759448,L4,eL4
447,2320.6014149716484,9794.00145658846,L4,eL4
448,2373.467845256415,11382.334001359912,L2/3,eL4
449,2358.057090890719,4021.153589652908,L6,eL6-2
450,2363.556545187122,1433.91992155581,I_CC,Oligo
451,2359.514169821525,10183.901622498648,L2/3,eL4
452,2367.484685430464,12979.17099544702,L1,Astro
453,2385.187655322818,2676.5566769792563,I_CC,Oligo
454,2384.8474071801165,6299.526419146978,L5,eL5
455,2382.2185217141214,10913.24751222318,L2/3,eL4
456,2394.6819473090245,3861.9744717282174,L6,eL6-2
457,2402.255124357866,9879.706016987946,L4,eL4
458,2418.077575845868,11910.411625450704,L2/3,eL2/3
459,2397.136955545577,56.796475078581054,HPC,HPC
460,2400.143997651893,12793.886234223655,L2/3,eL2/3
461,2403.217498603092,4897.680806481654,L6,eL6-2
462,2435.4258191349936,9065.103145478375,L4,eL4
463,2442.446326686665,1519.775072054585,I_CC,Oligo
464,2476.581853426713,12339.975925462732,L2/3,Endo
465,2480.758553631116,8971.45256760863,L4,eL4
466,2481.3356637088823,8762.017298556959,L4,Endo
467,2477.902323376008,10775.797955850589,L2/3,VIP
468,2468.329309488326,5875.07868852459,L5,eL5
469,2491.5673732490395,9214.418371141688,L4,eL4
470,2481.914800259453,7949.356976611088,L4,eL4
471,2507.426026214582,8375.271878188525,L4,eL4
472,2501.907357906584,4675.608398987057,L6,eL6-1
473,2505.9441555627777,8619.853753656158,L4,Astro
474,2515.3481438738218,10357.302654356608,L2/3,Astro
475,2515.183750464956,10908.300122216908,L2/3,Endo
476,2518.036210985067,9323.36140485804,L4,eL4
477,2542.120059255269,11593.626422463134,L2/3,Astro
478,2543.315616706244,11701.318829445454,L2/3,eL2/3
479,2527.96724187166,6260.788397992902,L5,eL6-2
480,2567.1090173808293,3188.882249182585,I_CC,eL6-2
481,2578.2832650233795,1894.2250187611849,I_CC,Oligo
482,2592.4453219402726,7833.776540652511,L4,eL4
483,2568.470474175921,5160.499735589635,L6,Reln
484,2604.1309498496403,4750.559976914432,L6,eL6-2
485,2577.8192529293715,9406.123972292356,L4,eL4
486,2588.301898967552,9640.303373893805,L4,eL4
487,2600.2797821307217,10758.184289426345,L2/3,VIP
488,2600.379061371841,12354.714457624204,L2/3,eL2/3
489,2602.215423657127,3543.3048075567463,L6,eL6-1
490,2617.730719049,11423.227783415485,L2/3,eL2/3
491,2625.934426229508,4380.546015770907,L6,Astro
492,2609.6089294287085,8859.519299087855,L4,eL4
493,2634.4453075886845,11070.157117198023,L2/3,eL2/3
494,2619.7217851797845,12081.764841321616,L2/3,eL2/3
495,2650.385604919679,8246.641001506025,L4,Oligo
496,2634.552702539542,8470.13893025315,L4,eL4
497,2662.7124583146683,6267.937185804589,L5,eL6-2
498,2635.1210414808206,6510.625669045495,L5,eL5
499,2640.2403309057486,7153.176270946758,L5,Astro
500,2654.794944586996,12681.634820112464,L2/3,eL2/3
501,2696.457459696207,8105.333286739353,L4,Astro
502,2676.173517465475,7388.566165718928,L5,eL5
503,2686.614136380212,3604.544609213565,L6,SST
504,2700.224667690869,10480.248647384944,L2/3,eL2/3
505,2688.5983486145587,12540.942860037483,L2/3,eL2/3
506,2704.915770337828,5183.156844922487,L6,eL6-1
507,2696.002208317998,5835.864819391135,L5,eL5
508,2715.613074692807,9499.308780891895,L4,Micro
509,2723.030044030044,1302.519166019166,HPC,Oligo
510,2713.1255170339173,9599.84628111604,L4,eL2/3
511,2707.8997384481254,12245.15578396733,L2/3,eL2/3
512,2718.9851034346234,13766.040384044343,L1,Oligo
513,2725.695116618076,13659.665962099123,L1,Astro
514,2720.1506138392856,7883.186997767857,L4,Endo
515,2727.0021352313165,9169.415213523132,L4,eL4
516,2730.176918199112,12035.212904248574,L2/3,eL2/3
517,2753.1588162856924,10107.57192334334,L2/3,eL2/3
518,2762.6715244707098,7146.9185265936085,L5,eL6-1
519,2749.4630005155527,4501.693933665579,L6,eL6-2
520,2755.9526752231554,13152.81228542756,L1,Micro
521,2774.296157950907,8902.434525080043,L4,Astro
522,2761.817234429533,11024.439561519934,L2/3,Astro
523,2773.760800088164,4278.245867313202,L6,Micro
524,2756.518527344216,6125.49839151674,L5,Oligo
525,2755.24485710341,3308.459788761563,I_CC,eL6-2
526,2762.800416785072,7457.7196646774655,L5,eL6-1
527,2774.235114871096,9888.003608516095,L4,eL2/3
528,2805.5304238355016,10876.802909497832,L2/3,eL2/3
529,2814.244810963706,12590.237799290864,L2/3,eL2/3
530,2823.621359223301,7895.625663589842,L4,eL4
531,2836.9644866867966,8243.272920669777,L4,Endo
532,2819.30958150501,5898.841770908376,L5,Astro
533,2828.540111772129,6639.10510185686,L5,Oligo
534,2823.883220651506,2876.790802927865,I_CC,Oligo
535,2821.1651846905424,11668.687449478086,L2/3,eL2/3
536,2835.134236242071,6494.3817932453285,L5,Astro
537,2856.5571606475714,2423.9146533831467,I_CC,Oligo
538,2841.6495562726905,3480.7603872529244,L6,eL6-1
539,2835.816769180965,6720.130916154095,L5,Oligo
540,2851.625966397443,7023.097568349674,L5,eL4
541,2860.3141135358724,10540.23349022964,L2/3,eL2/3
542,2869.3089104941364,13118.952590959208,L1,Reln
543,2862.7769464446446,10007.907065706571,L2/3,eL4
544,2864.191277218488,11886.481489820206,L2/3,eL4
545,2883.394956424995,9342.740478397924,L4,eL4
546,2889.416553972052,11330.104060473665,L2/3,Oligo
547,2884.2093525179857,153.16978417266188,HPC,HPC
548,2901.769071794411,8815.986072423399,L4,eL4
549,2895.4849587578847,9542.045269286757,L4,eL4
550,2913.063014877659,3882.5834255502273,L6,eL5
551,2948.4211999300333,2398.603375896449,I_CC,Oligo
552,2934.131654538491,8501.546103025661,L4,eL4
553,2967.259016850021,12926.02696931718,L1,Endo
554,2963.4027246528685,3129.341524757663,I_CC,Oligo
555,2940.752010875722,788.2033155847589,HPC,eL5
556,2968.1242622071186,629.8147021999642,HPC,Micro
557,2972.393314836834,139.79772757299511,HPC,Oligo
558,2972.7917057902973,2617.7005477308294,I_CC,Oligo
559,2987.0834653988377,9938.92293977813,L4,Micro
560,2975.628659611993,10407.896252204586,L2/3,eL4
561,2990.079326355552,4379.092704808373,L6,eL6-1
562,2981.734307262901,10044.187956529486,L2/3,Micro
563,2986.6988847583643,5883.443242166755,L5,eL6-2
564,2986.1155079750347,4932.75169036061,L6,eL6-2
565,2967.600984270964,11722.59234777574,L2/3,Endo
566,3006.045528546568,10839.36055128277,L2/3,eL2/3
567,3002.1064618359565,2835.458720524252,I_CC,Oligo
568,2999.802418841502,11273.085073201784,L2/3,PVALB
569,3001.374873998621,12515.513342882912,L2/3,eL2/3
570,3013.925911385306,1547.1496354458775,I_CC,Oligo
571,3048.4453785009778,1244.6431395397228,HPC,Astro
572,3012.4351887007365,13673.54529577037,L1,Astro
573,3024.4784446322906,3691.825081511896,L6,eL6-2
574,3035.8316580462574,9453.903776715137,L4,eL4
575,3026.989014007141,8243.873990661907,L4,eL4
576,3043.666459686664,2358.0693064577763,I_CC,Oligo
577,3058.446526483897,3817.791589033804,L6,eL6-2
578,3061.6869822485205,8978.076134122288,L4,eL4
579,3050.1325918079096,9279.678230932202,L4,PVALB
580,3068.4330378470195,10130.150963426931,L2/3,Oligo
581,3068.518192057196,12377.327016306745,L2/3,eL2/3
582,3067.2795031055903,8573.483808719773,L4,eL4
583,3085.2604544922106,2728.1598922338057,I_CC,Reln
584,3070.5323821421525,9121.914787296995,L4,eL4
585,3086.247946768061,752.2757794676806,HPC,eL6-2
586,3095.052125624154,2569.6102011293106,I_CC,Oligo
587,3076.250562170532,5730.760681240093,L5,PVALB
588,3106.5624133834885,5889.51979805979,L5,SST
589,3104.644058488364,3605.783277270543,L6,eL6-1
590,3087.3010042646856,8421.82225890769,L4,eL4
591,3089.067375886525,1971.5562997986167,I_CC,Oligo
592,3111.867838138844,5281.154065090954,L6,Micro
593,3119.364126213592,12520.830922330097,L2/3,eL2/3
594,3109.734607906675,5162.241007777057,L6,Micro
595,3102.6895380434785,12843.98581861413,L2/3,Astro
596,3115.296882682663,3109.3718163044546,I_CC,eL6-2
597,3126.322110878812,6561.9608535794105,L5,eL5
598,3152.971414702551,7830.611671430883,L4,SST
599,3156.9946757240555,964.340937256162,HPC,Astro
600,3152.707747948254,8632.113784949228,L4,eL4
601,3134.1131629701063,10847.155834136933,L2/3,eL2/3
602,3176.6765599772057,10537.95958780511,L2/3,Micro
603,3208.6459612432845,4695.36176132003,L6,Endo
604,3194.717225543713,7599.758079889091,L5,Oligo
605,3199.390687361419,13191.12100886918,L1,Endo
606,3211.808976428802,3493.9919276719406,L6,eL6-2
607,3218.701813344536,1957.646922915354,I_CC,Oligo
608,3240.326354088007,2296.2310702272257,I_CC,Oligo
609,3237.342962537128,9433.626521030948,L4,eL4
610,3222.5469261045514,4851.737790343145,L6,eL6-1
611,3261.2718144659675,3163.127510218589,I_CC,eL5
612,3251.387791873506,9179.914874057731,L4,eL4
613,3292.023158914729,5420.877745478037,L6,eL6-2
614,3276.1953125,3398.559895833333,I_CC,eL6-2
615,3294.9179721005826,4023.736671030653,L6,Endo
616,3289.026277177538,3834.500066693344,L6,eL6-2
617,3307.9735134419284,2607.8250893921336,I_CC,Oligo
618,3300.910895992796,8987.674425934263,L4,eL4
619,3353.1290962026883,4817.730285572694,L6,Astro
620,3345.110070498637,12381.584829928472,L2/3,eL2/3
621,3324.5036433969053,2867.6110561353003,I_CC,Oligo
622,3372.49313430374,8490.711434580016,L4,eL4
623,3368.3859275053305,13336.230149253732,L1,Micro
624,3374.0822478991595,3517.274737394958,L6,Endo
625,3367.2023857057297,8228.23807147135,L4,eL4
626,3369.2414004914003,2287.453808353808,I_CC,Oligo
627,3367.3803281919872,3293.5694574483814,I_CC,eL6-2
628,3355.62626839168,7617.107940131913,L5,eL4
629,3418.905993306967,6150.335023493222,L5,eL5
630,3400.29711535862,6928.143421017059,L5,eL5
631,3414.77601103314,1369.396909098284,I_CC,Astro
632,3414.199081592653,7824.126729013832,L4,Astro
633,3446.2591495425227,13568.302459877006,L1,Oligo
634,3478.282483997007,2826.7049630060687,I_CC,Oligo
635,3460.2812548921383,10959.170543849212,L2/3,eL2/3
636,3460.967363733724,6394.79009075024,L5,eL4
637,3482.4470727606235,7990.409354937328,L4,SST
638,3489.1977037749457,2258.627073815821,I_CC,Oligo
639,3469.077297925608,7090.425116237482,L5,Astro
640,3543.6117395944502,3410.134151547492,I_CC,Astro
641,3496.2567906655795,9857.723982184303,L4,eL4
642,3495.6934961569973,9392.922944871443,L4,eL4
643,3497.6942675159235,1501.3238988068538,I_CC,Oligo
644,3515.3965010063475,8820.197089332714,L4,eL4
645,3524.9641472353533,4729.7924257714985,L6,eL6-2
646,3519.266952992632,8236.942511525276,L4,eL4
647,3520.751100194453,12119.741650462252,L2/3,eL2/3
648,3538.7068635493574,5463.881487558107,L6,Astro
649,3533.610872313527,6352.536599241466,L5,Micro
650,3553.2972918104674,8686.976694141053,L4,eL4
651,3569.81744920737,7471.354924142106,L5,Astro
652,3555.4040670108525,8911.174744494785,L4,eL4
653,3567.887342043264,4185.253319768687,L6,eL6-2
654,3569.700834253466,7130.722304011778,L5,Astro
655,3558.2161165572443,11851.669934346612,L2/3,eL2/3
656,3575.227109729859,11246.724559725875,L2/3,eL2/3
657,3568.8437452407784,12516.297523681886,L2/3,eL2/3
658,3618.7118041387353,5946.968055960361,L5,Endo
659,3605.9641615782057,3807.418459370596,L6,eL6-2
660,3607.852504995968,1103.228938049995,HPC,Astro
661,3609.4439001156697,7270.183200653195,L5,eL4
662,3611.831499667725,1601.9652957247283,I_CC,Endo
663,3657.349825013815,4482.72179038497,L6,eL6-2
664,3636.806261572126,4799.313381585592,L6,PVALB
665,3633.9874550196414,738.7914231950084,HPC,eL5
666,3652.242566452796,7679.134628780935,L5,eL4
667,3671.1820522908542,11784.41925676884,L2/3,Micro
668,3657.1367346938778,12202.976982268316,L2/3,Astro
669,3653.126300443973,6667.059836988934,L5,eL5
670,3621.2846321864417,2969.760395166624,I_CC,Oligo
671,3664.417751518793,7952.439248280926,L4,eL4
672,3671.052660026253,12375.090340514244,L2/3,eL2/3
673,3695.358570704906,10333.018353271247,L2/3,eL2/3
674,3709.4664857055295,6525.965982224946,L5,eL5
675,3712.835209572359,10033.637036250357,L2/3,eL2/3
676,3723.521471053637,1651.940743165821,I_CC,Oligo
677,3714.0857780612246,3609.4793792517007,L6,eL6-2
678,3762.9867658677904,5773.305833552805,L5,eL4
679,3728.040718769798,8453.771813626678,L4,eL2/3
680,3744.232493606834,3776.402959899886,L6,eL6-2
681,3742.9891386475256,8712.713638080846,L4,eL4
682,3744.645924060969,9047.867991290146,L4,eL2/3
683,3735.348856651094,8203.847209245143,L4,Astro
684,3762.574696105185,8582.778913420987,L4,eL4
685,3775.660066405071,5417.186598249321,L6,Reln
686,3763.201903467029,9408.94731475187,L4,Reln
687,3774.3969880261698,6032.546969509937,L5,eL5
688,3795.349040887239,9550.15698034176,L4,eL4
689,3810.069466125508,672.3368716827973,HPC,eL5
690,3796.8858217624606,3902.030204126791,L6,eL2/3
691,3809.1690504220624,4230.941938231095,L6,PVALB
692,3791.68051948052,5895.484719535783,L5,Astro
693,3811.685832869363,9276.418332742824,L4,eL4
694,3808.400903140277,3048.6249896428867,I_CC,Oligo
695,3811.354298215085,6704.930691592503,L5,Micro
696,3808.828342372082,12560.932523775838,L2/3,eL2/3
697,3816.279203400504,10333.050259760705,L2/3,eL2/3
698,3810.702024726752,1844.427432359792,I_CC,Oligo
699,3841.228692650056,2236.43841770309,I_CC,Oligo
700,3832.4850203295528,108.01540766103146,HPC,Endo
701,3826.68994714425,1438.3206240057475,I_CC,Astro
702,3829.4031807436063,8879.554695895122,L4,eL4
703,3838.770495691359,3578.1234880227685,L6,eL6-2
704,3819.146733486839,7448.770508826584,L5,Astro
705,3822.140578947368,10576.75194736842,L2/3,eL2/3
706,3841.6976118140215,6302.396338883975,L5,eL6-1
707,3845.9296621533936,12992.620841804732,L1,Endo
708,3874.883493418712,2725.083333333333,I_CC,Micro
709,3865.109567585972,3774.118692543412,L6,eL6-2
710,3865.1050023128255,4009.71320954206,L6,eL6-2
711,3894.057625057017,10959.01313668846,L2/3,eL2/3
712,3914.921598905826,9777.32463435618,L4,eL2/3
713,3842.2632280604976,12823.947593435389,L2/3,Astro
714,3885.929343542394,1749.1158090305146,I_CC,Oligo
715,3904.619699042408,3282.6495668034654,I_CC,eL6-2
716,3897.4433801143537,5861.07499814361,L5,Astro
717,3892.388741320658,7759.277459341069,L5,eL4
718,3894.467433638924,1063.2117562466294,HPC,Endo
719,3914.2666580952073,11682.884092443188,L2/3,eL2/3
720,3933.7135798933086,6156.4939314739895,L5,Astro
721,3923.460747082787,7133.851342953808,L5,eL5
722,3866.35525758645,13123.788228652082,L1,Endo
723,3925.994064378662,5178.4654135910505,L6,Reln
724,3939.730183768436,7322.985408943923,L5,PVALB
725,3961.0973317296985,8919.350394226914,L4,Reln
726,3937.316738269733,3863.6654873220455,L6,eL6-2
727,3981.253358701561,8513.791838161062,L4,eL4
728,3975.558913490071,12887.398082629536,L2/3,Endo
729,3939.2093023255816,782.412162597436,HPC,Astro
730,3982.05895119503,12078.410949241746,L2/3,eL6-1
731,3958.6381095838815,7935.386518546413,L4,eL4
732,3967.9343212357153,9099.131545899789,L4,eL4
733,3970.447490742929,3750.048136768298,L6,eL6-2
734,3998.237649294245,1034.226384364821,HPC,Astro
735,3992.342337931632,4769.427440025344,L6,Oligo
736,3998.9921431689218,9235.25814054998,L4,eL4
737,3988.73537985061,3456.8155401712515,L6,eL6-2
738,4008.238635504122,12491.708645336965,L2/3,eL2/3
739,4012.1302494532783,10157.439786500612,L2/3,eL2/3
740,4038.88435150118,10538.738789176135,L2/3,VIP
741,4043.666860165119,748.4462719298245,HPC,Oligo
742,4023.030609687324,5588.019769409111,L6,Reln
743,4026.507804339392,11490.64479064076,L2/3,eL2/3
744,4035.4541857798167,1772.644380733945,I_CC,Oligo
745,4025.356562328391,8191.038769906645,L4,eL4
746,4081.345456723092,11777.84633503673,L2/3,Micro
747,4060.636914352001,271.6287620029645,HPC,Micro
748,4059.946275723912,3342.2850573666,I_CC,eL6-2
749,4056.028150402434,5852.138549633604,L5,eL6-1
750,4061.326034063261,7719.53205760505,L5,PVALB
751,4043.078739832363,6884.285560923242,L5,eL5
752,4071.1742855819552,9016.514427307677,L4,eL4
753,4068.428282828283,10429.488068181818,L2/3,VIP
754,4064.546273745738,1366.691427179737,I_CC,Oligo
755,4066.948555741227,10954.612974456912,L2/3,eL2/3
756,4090.966642606723,8054.225613528562,L4,eL4
757,4119.050014563309,520.0736071235385,HPC,HPC
758,4055.975524973645,8786.693620537368,L4,eL4
759,4122.946661210013,7196.321908464634,L5,Oligo
760,4125.408718758978,8234.372737719046,L4,eL4
761,4105.897793214452,11660.28853403363,L2/3,eL2/3
762,4116.463076551558,2319.6146824438542,I_CC,Oligo
763,4104.684522739529,8336.307028581701,L4,Endo
764,4114.55939926834,9305.39175919389,L4,Endo
765,4135.830633512175,3783.48225340487,L6,Oligo
766,4178.390568319226,5578.880079911676,L6,SST
767,4156.292058420812,12762.8910543131,L2/3,Endo
768,4167.933231127088,1439.41689574963,I_CC,Oligo
769,4168.474000134889,1985.5217171376544,I_CC,Astro
770,4220.8890635298885,2951.09466105562,I_CC,eL6-1
771,4179.941776227529,7337.274406838131,L5,Oligo
772,4187.108966861599,4685.492397660819,L6,eL6-2
773,4214.54065877509,3669.961091096243,L6,eL6-2
774,4209.015421751375,4449.727996066335,L6,eL6-2
775,4214.663499506417,6790.297630799605,L5,eL5
776,4245.794390853876,11957.344885078004,L2/3,eL2/3
777,4243.505355624823,10013.7860017002,L2/3,Astro
778,4251.748891855807,7844.891001335113,L4,eL6-1
779,4266.155013077594,8104.474934612032,L4,eL4
780,4228.647506018499,10382.00836254593,L2/3,eL2/3
781,4256.0287907073225,1356.266998548019,I_CC,Oligo
782,4281.233139922001,5847.958099495862,L5,Oligo
783,4260.01607006207,5332.54306606581,L6,Oligo
784,4271.171404137482,12070.102826193192,L2/3,eL2/3
785,4242.780460611129,9367.796592453224,L4,eL4
786,4272.920073315223,10767.546983929566,L2/3,eL2/3
787,4284.933691087261,11290.035090993932,L2/3,eL2/3
788,4303.824214937712,5750.941156208738,L5,Reln
789,4289.637515762925,10252.275977301388,L2/3,eL5
790,4299.386971710975,7737.191930811179,L5,eL4
791,4304.834860642895,8943.660747352928,L4,eL2/3
792,4309.792703475841,12646.787178180964,L2/3,Micro
793,4309.25598663449,6303.050603304251,L5,PVALB
794,4314.891490633719,9083.162116381029,L4,eL4
795,4330.937317228227,6712.636660309388,L5,eL5
796,4352.741415586602,1948.3699293048307,I_CC,Oligo
797,4373.87512188327,10098.50818359103,L2/3,Astro
798,4325.8959481526845,8753.996938150643,L4,eL4
799,4336.26565975881,2537.5755180892165,I_CC,Oligo
800,4326.389862648626,10545.861418614186,L2/3,eL2/3
801,4349.022068559659,505.1563925261145,HPC,HPC
802,4339.963223536936,11370.783754397184,L2/3,eL2/3
803,4324.272182177712,9717.470657651336,L4,SST
804,4341.076057948913,9939.485369805569,L4,eL2/3
805,4358.552076497609,3660.9940001874943,L6,Oligo
806,4357.088459226608,6479.992010619115,L5,Astro
807,4362.059554206059,7993.258298254089,L4,Reln
808,4366.631365949433,5090.3202307969705,L6,eL6-1
809,4379.427704223141,5594.584488984248,L6,eL6-2
810,4384.267123579243,9282.318675237326,L4,eL4
811,4365.377462537463,13005.224215784216,L1,Reln
812,4387.958868144691,11466.868311385231,L2/3,eL2/3
813,4400.282842216483,4026.9263911716366,L6,eL6-2
814,4374.919696098314,12262.636831431426,L2/3,eL2/3
815,4379.162456005854,11857.508624594906,L2/3,VIP
816,4388.197637762179,3128.709638098441,I_CC,eL6-2
817,4409.327734283711,10907.856566954895,L2/3,eL2/3
818,4436.620332365602,4428.767043748123,L6,Astro
819,4438.997713682729,5348.317915347638,L6,Oligo
820,4435.666115884556,5698.067746199604,L5,Astro
821,4457.631162928565,8476.76499357771,L4,eL5
822,4449.125868178597,1048.8454996456414,HPC,Oligo
823,4444.022698665772,8161.66019132332,L4,eL4
824,4446.922115811505,8604.72531236126,L4,eL4
825,4458.298256123536,7998.739683173589,L4,eL4
826,4441.630530973452,9095.53261856138,L4,eL6-1
827,4457.843413826826,4914.179944331603,L6,eL4
828,4459.4402874764255,9745.209134002753,L4,eL4
829,4461.246796837179,10372.131967080846,L2/3,eL2/3
830,4462.509912477101,2850.963281090983,I_CC,Oligo
831,4484.15194011873,7353.469872953053,L5,Astro
832,4502.871599443672,3300.3970514603616,I_CC,eL6-2
833,4494.795172576992,5954.833000912748,L5,eL6-2
834,4496.903962279758,12773.075481842998,L2/3,Astro
835,4512.548662730114,7217.1020493226815,L5,eL4
836,4523.458529874214,11523.030463836478,L2/3,Astro
837,4522.6203321364455,1761.8012567324954,I_CC,Astro
838,4532.388309671695,6377.52802425318,L5,PVALB
839,4533.918141081906,2160.076777382548,I_CC,Oligo
840,4535.211528046421,4667.585570599613,L6,eL6-2
841,4568.551406682547,1527.9428313912315,I_CC,Astro
842,4585.121250350435,3020.7697645079897,I_CC,eL5
843,4595.941677718833,2673.1640915119365,I_CC,eL6-2
844,4606.870876768898,8958.317872790452,L4,Astro
845,4606.0747533467065,12504.30720104802,L2/3,eL2/3
846,4599.630461200162,875.4499160928187,HPC,Astro
847,4604.292249750766,8133.257246243031,L4,eL4
848,4611.247095716628,1030.0868077827668,HPC,Astro
849,4601.05004642115,7737.279278482692,L5,eL4
850,4608.4011418132,12274.832792875086,L2/3,Endo
851,4610.232474819171,3712.8639221253297,L6,eL6-2
852,4615.532012290713,6594.734809054995,L5,PVALB
853,4603.150635608788,789.2481446101845,HPC,Astro
854,4617.030554005922,5386.76629618504,L6,Endo
855,4635.883442228917,9737.27729442432,L4,eL2/3
856,4639.493374902572,4308.290650632817,L6,eL6-2
857,4620.636368191612,9161.504534749713,L4,Micro
858,4613.8250964927,6711.153800973318,L5,PVALB
859,4595.155886358009,10022.468123297846,L2/3,eL4
860,4655.707881957415,3258.6226586263942,I_CC,eL6-2
861,4651.410669157235,4690.949620920778,L6,eL5
862,4631.991016513214,1400.2865769560517,I_CC,Oligo
863,4660.155789685602,10503.717276784217,L2/3,eL6-1
864,4660.364142062474,11439.904257595208,L2/3,eL2/3
865,4671.37610519795,4090.799374894408,L6,eL6-2
866,4685.837283473783,7869.895979634832,L4,Astro
867,4693.144085591441,3735.951704829517,L6,eL6-2
868,4693.20444737473,9277.507731958764,L4,eL4
869,4696.772429838592,463.196161116766,HPC,Micro
870,4714.933305716653,10673.248412040874,L2/3,eL6-1
871,4699.540573298588,8658.989515786921,L4,eL4
872,4709.1822348664455,8795.684210526315,L4,eL4
873,4720.446925954171,2944.235428695936,I_CC,eL6-2
874,4716.891453225586,8071.622312012053,L4,eL4
875,4749.690811724916,11142.130824877866,L2/3,eL2/3
876,4746.997492187199,13656.69964118986,L1,Reln
877,4761.438814768849,11393.03633260937,L2/3,Astro
878,4727.707330145119,6947.481365435357,L5,Astro
879,4757.397723369805,12685.374858937246,L2/3,Reln
880,4759.8360914995765,6671.79757130754,L5,Micro
881,4753.718497690299,12162.600763205462,L2/3,eL2/3
882,4786.724831508003,1455.5865101095198,I_CC,Oligo
883,4802.818491443762,10793.018026250207,L2/3,PVALB
884,4807.018060504436,3258.451582477468,I_CC,eL6-2
885,4809.13953826577,9756.84820941647,L4,eL2/3
886,4802.743025729539,9081.348613173845,L4,eL4
887,4829.817896717541,5880.68628475852,L5,Oligo
888,4845.151262368549,10929.024936770644,L2/3,PVALB
889,4838.293791153859,6842.852587306512,L5,eL6-1
890,4832.351070254311,5687.235388847883,L5,Oligo
891,4845.148514851485,7069.765557719207,L5,eL4
892,4819.3719192747485,6167.756343674548,L5,Astro
893,4834.11767105129,8765.659681859895,L4,eL4
894,4849.864908224414,9276.601283442646,L4,eL4
895,4837.002185082383,10248.47481249631,L2/3,Oligo
896,4834.268379670909,4249.138526384048,L6,eL6-2
897,4864.74759119064,11957.459394356503,L2/3,eL2/3
898,4861.932469891034,10609.80859300325,L2/3,eL2/3
899,4864.033639723301,12114.7479389747,L2/3,Micro
900,4854.666838465833,1023.3101404458188,HPC,Astro
901,4844.692547499684,3046.811096600244,I_CC,Oligo
902,4867.803467332879,7865.059959118783,L4,eL4
903,4872.10112869092,8394.983724680036,L4,Oligo
904,4870.221032132425,10119.842908146706,L2/3,Endo
905,4893.062302553213,842.5700968460303,HPC,SST
906,4903.03065660032,9393.687805994052,L4,eL4
907,4904.72060068876,4584.756619432055,L6,eL6-1
908,4887.5211950762205,8583.070188310101,L4,eL4
909,4935.006354348368,9172.861159564747,L4,eL2/3
910,4921.405576462538,9650.695278823128,L4,eL2/3
911,4901.124511601945,4041.876325651862,L6,Astro
912,4934.116330201879,5699.339796122326,L5,eL5
913,4927.949964380003,8195.403888865609,L4,eL4
914,4894.46682521444,3535.8245196804105,L6,eL6-2
915,4913.066551851396,13126.982982736705,L1,eL6-2
916,4942.568804352881,4356.126633493001,L6,eL6-2
917,4945.222691793523,677.3316227521669,HPC,Astro
918,4935.042816391464,11435.860551867903,L2/3,SST
919,4947.554445817016,6305.091071569374,L5,eL6-1
920,4949.992482497418,5356.608802938138,L6,Micro
921,4960.11417522753,213.6043513925237,HPC,PVALB
922,4948.617266084646,2768.6514756120705,I_CC,eL6-2
923,4997.381724941725,12374.41463869464,L2/3,Astro
924,4980.541900937082,10335.23159303882,L2/3,eL2/3
925,4983.923325409886,10894.339275918815,L2/3,eL6-1
926,4989.7007145177,1207.1470715600303,HPC,Astro
927,4995.468282465589,5059.993476959904,L6,eL6-1
928,5004.534876380852,1619.644713308785,I_CC,Oligo
929,4999.140834666995,5871.027391357873,L5,Endo
930,5009.525703054128,11721.765315996372,L2/3,eL2/3
931,5022.11115223748,2333.3296442980345,I_CC,Oligo
932,5013.326882775226,4758.513978686405,L6,eL6-2
933,5039.310846881825,8392.493326862412,L4,SST
934,5051.368389618851,4546.445976761864,L6,eL6-1
935,5065.346789883269,7628.100344208321,L5,eL5
936,5057.862750491159,3732.993005893909,L6,eL6-2
937,5099.724595997757,6323.003485509543,L5,Oligo
938,5116.642902208202,8125.53948953255,L4,Endo
939,5065.297458975907,11455.950606443115,L2/3,Endo
940,5128.50190943808,5099.358392434988,L6,Astro
941,5116.178312881861,8956.435847409766,L4,Astro
942,5115.956166579329,9585.862365525109,L4,eL2/3
943,5144.72948098974,1640.1827097163548,I_CC,Oligo
944,5120.008520501437,3971.618438234526,L6,eL6-2
945,5111.778308450227,12029.276634951677,L2/3,eL2/3
946,5139.954629585686,5963.200512552798,L5,SST
947,5151.383275082237,7139.688810649671,L5,Astro
948,5164.53719781648,4724.305120873408,L6,eL6-1
949,5158.91443023746,8335.73856025479,L4,Oligo
950,5153.413449697489,4308.793917652728,L6,eL6-1
951,5191.572043157607,2199.362810707457,I_CC,Oligo
952,5178.386778009743,4145.083321735096,L6,eL6-2
953,5179.970385091548,7461.3438782824,L5,eL5
954,5189.958615126885,8010.72662406155,L4,eL4
955,5195.253217102532,11876.145163968453,L2/3,eL2/3
956,5221.912620220502,10177.063570255688,L2/3,eL2/3
957,5230.781286602397,3092.626317686278,I_CC,eL6-2
958,5214.259372869802,3217.1521813224267,I_CC,eL6-2
959,5214.526041459436,11720.69036724625,L2/3,eL2/3
960,5218.4653967442255,6841.927597374925,L5,Micro
961,5240.458956230774,12031.64315397485,L2/3,eL4
962,5251.468076154412,4275.467182076365,L6,eL6-2
963,5220.318316328784,5682.662514906586,L5,eL6-1
964,5245.656001580013,11304.753616748136,L2/3,Astro
965,5245.8474773308535,5943.833992094862,L5,Micro
966,5263.918397912842,2704.0897671272587,I_CC,Endo
967,5228.978127264432,10530.676176162744,L2/3,eL2/3
968,5256.58616260889,8413.20220013402,L4,eL4
969,5254.890721890722,4893.315022815023,L6,eL6-2
970,5262.333140090029,9597.729129723091,L4,eL6-1
971,5254.658768798009,9870.757600346207,L4,eL2/3
972,5267.68922124127,3425.731387534589,I_CC,eL6-2
973,5279.242484869705,7917.066073125594,L4,eL4
974,5265.150813084699,2121.3055189301185,I_CC,Oligo
975,5293.611448047717,4055.877449751892,L6,eL6-1
976,5290.478839316435,8082.411744466109,L4,Astro
977,5294.890851381628,804.0709484690067,HPC,Reln
978,5269.990541929798,13793.778969011602,L1,Astro
979,5312.119980955404,1120.0892318679576,HPC,Oligo
980,5293.987823825983,10297.424485524938,L2/3,eL2/3
981,5333.981373992896,8154.213289439487,L4,Astro
982,5332.888311439868,9093.854259660757,L4,eL4
983,5297.057500600528,444.98084314196495,HPC,eL5
984,5340.317832150479,5550.536900094297,L6,PVALB
985,5345.2286102308735,4877.651652331371,L6,eL2/3
986,5358.771653138806,5060.381639782185,L6,eL5
987,5340.904041386285,1614.133688591544,I_CC,Oligo
988,5351.9675230685725,8600.627329473493,L4,eL4
989,5373.589717328963,3728.360371432473,L6,eL6-1
990,5375.847467927077,11593.859959486834,L2/3,eL2/3
991,5391.007274007156,7877.095031383821,L4,eL4
992,5392.2254180602,11238.421070234112,L2/3,eL2/3
993,5375.57790631617,8315.636265041574,L4,eL4
994,5386.732087391419,9511.050434324825,L4,eL4
995,5390.848063333036,3148.153815189194,I_CC,eL6-2
996,5421.06762336972,6459.446216116767,L5,eL5
997,5438.163343861034,10049.189301223843,L2/3,Astro
998,5408.233886206172,9283.80545874449,L4,eL2/3
999,5417.7603060213805,3564.296697291574,L6,eL6-2
1000,5431.765135206091,8145.936413756892,L4,eL4
1001,5442.322323280677,6831.56608691027,L5,Astro
1002,5438.39177781108,747.5497277586293,HPC,SST
1003,5455.11136459357,11000.716587112172,L2/3,eL2/3
1004,5446.952894438138,11814.21364610922,L2/3,eL2/3
1005,5447.838946021097,1299.0535375380678,HPC,Astro
1006,5469.603430398341,3324.231055041908,I_CC,eL6-2
1007,5473.07451630044,7145.499202950646,L5,eL4
1008,5478.052194860814,905.7540484475376,HPC,Reln
1009,5474.1659117997615,7682.922458709348,L5,eL4
1010,5484.224127773778,9543.265104405316,L4,eL4
1011,5481.628111927872,6031.044145717418,L5,eL5
1012,5489.351220346715,8603.584568886861,L4,eL4
1013,5478.307696855049,9179.735102861196,L4,Astro
1014,5499.658727244111,1933.5843869681548,I_CC,Oligo
1015,5494.4111027353,8738.365442601766,L4,eL4
1016,5500.080294207784,10718.030602863271,L2/3,eL6-1
1017,5519.12223751902,2701.3445764799653,I_CC,eL6-2
1018,5519.571355301961,7291.1861349745695,L5,Reln
1019,5513.372513658303,9411.371399777225,L4,Astro
1020,5536.651275876441,2592.8668086880007,I_CC,Astro
1021,5539.823522568637,1587.4918566775243,I_CC,Oligo
1022,5574.667002930298,3459.5569966854014,L6,eL6-2
1023,5579.54745393303,8510.198335644938,L4,eL4
1024,5574.620202823623,9683.665042752038,L4,Astro
1025,5589.928127772849,4777.129033764536,L6,eL6-1
1026,5625.01303234815,298.6749825459623,HPC,Oligo
1027,5576.930846659985,6192.011547344111,L5,eL5
1028,5614.15634061187,9559.260784661814,L4,PVALB
1029,5614.324486544917,11300.845337657163,L2/3,eL2/3
1030,5604.1431609473175,3688.9044627034,L6,eL6-2
1031,5607.877322175732,8697.967531380753,L4,eL2/3
1032,5590.103643183804,12057.902214685782,L2/3,eL6-1
1033,5622.570699370235,3955.1351673848194,L6,eL6-1
1034,5632.873070920756,10629.779330674528,L2/3,eL2/3
1035,5619.669010854609,13802.695726953065,L1,Smc
1036,5634.072206496186,1960.83860288826,I_CC,Oligo
1037,5638.210142272699,10352.196037125235,L2/3,eL2/3
1038,5639.844202138813,3234.8261165862864,I_CC,Astro
1039,5643.975794901175,9963.44199369808,L4,eL2/3
1040,5604.583475056689,5017.5945530990175,L6,Astro
1041,5657.500752860871,11637.499146757678,L2/3,eL6-2
1042,5665.055167129585,10205.459869744278,L2/3,eL4
1043,5702.730308259105,2165.139392808842,I_CC,Oligo
1044,5700.6590255131405,10093.028006905812,L2/3,eL2/3
1045,5699.38423132028,9259.977206616592,L4,eL6-2
1046,5708.065132435953,9005.417952867801,L4,eL2/3
1047,5707.539940078359,4352.665683337174,L6,eL6-1
1048,5717.676757219862,7465.713954235533,L5,eL4
1049,5735.392638315255,656.0813779331004,HPC,Reln
1050,5735.016891178582,9855.723322494829,L4,eL2/3
1051,5723.233265027322,8515.455210772834,L4,eL4
1052,5736.308614628979,8260.456108248663,L4,eL4
1053,5748.320791016062,12246.169925282986,L2/3,eL2/3
1054,5764.087986348123,10863.327508532424,L2/3,Reln
1055,5788.600375234521,831.4332618600911,HPC,Micro
1056,5776.786672168351,1346.553744584279,I_CC,Astro
1057,5760.661378555798,9139.473331509847,L4,eL2/3
1058,5773.656220125525,4914.39793840143,L6,eL6-1
1059,5789.804401473919,11656.616071126737,L2/3,eL2/3
1060,5783.9962269473535,12113.173948305652,L2/3,eL2/3
1061,5780.988374944818,8639.328248393584,L4,eL4
1062,5791.636794689426,1779.7834044570886,I_CC,Oligo
1063,5790.509255970002,6243.206118018551,L5,eL4
1064,5782.00784593438,1965.5069132009216,I_CC,Oligo
1065,5796.732441471572,4747.846313107183,L6,eL5
1066,5792.336260191739,7799.224487053131,L5,Oligo
1067,5830.415472519499,5929.976056593507,L5,Astro
1068,5809.536438147277,11223.38649215325,L2/3,eL2/3
1069,5799.41278411565,11341.05743272664,L2/3,Micro
1070,5795.196440888399,2459.188761668276,I_CC,Oligo
1071,5804.807655820131,6584.125699648989,L5,PVALB
1072,5865.237064231698,242.42662148169063,HPC,Micro
1073,5813.298356573705,3686.6097111553786,L6,eL6-1
1074,5787.342009948326,8047.409523349592,L4,Endo
1075,5801.0589122727615,1207.8867013653164,HPC,Oligo
1076,5818.417216931953,3540.793528880239,L6,PVALB
1077,5813.480462405656,4461.304862902455,L6,eL6-2
1078,5804.279013097776,13711.940806173216,L1,Smc
1079,5862.599712864345,5278.455911321826,L6,eL6-1
1080,5855.748110271232,5634.785060026678,L6,eL5
1081,5848.988548501693,12376.262214234965,L2/3,Micro
1082,5853.133187063221,9818.203315455876,L4,eL2/3
1083,5875.663236587511,3352.370096745822,I_CC,eL6-2
1084,5872.275272814486,3820.329176160211,L6,eL5
1085,5889.062467866324,9341.546272493571,L4,eL6-1
1086,5906.862659945716,13697.795579682048,L1,Smc
1087,5910.105485581704,8589.662454424926,L4,Endo
1088,5900.265752082312,2174.812101910828,I_CC,Oligo
1089,5918.408094913715,6607.550465485921,L5,PVALB
1090,5903.161220268873,11741.895863495349,L2/3,Astro
1091,5946.402676579925,1948.1768525402729,I_CC,Oligo
1092,5927.2901048925405,13509.942565832906,L1,Smc
1093,5923.481336124193,3958.8804727019015,L6,eL6-2
1094,5935.26989312808,4262.054931059306,L6,eL6-2
1095,5948.41231939779,5491.268404225181,L6,eL5
1096,5931.605902458745,10318.9029732809,L2/3,eL2/3
1097,5942.469458827843,728.0904092013013,HPC,Astro
1098,5960.9370319333775,7866.524504223833,L4,eL4
1099,5946.014085914086,9968.631235431236,L4,eL2/3
1100,5943.947723600419,1587.036926147705,I_CC,Oligo
1101,5955.744062688366,10509.73285111513,L2/3,eL2/3
1102,5966.527377686329,13026.756858710562,L1,Endo
1103,5970.762133435779,11344.63465232424,L2/3,eL2/3
1104,5980.941195849119,3756.84887168506,L6,eL4
1105,5939.024741951183,2757.143534052199,I_CC,eL6-2
1106,5977.463688158085,11623.464986297418,L2/3,Astro
1107,6007.74932705249,10784.391184387618,L2/3,Astro
1108,5991.895363086532,8401.201051508084,L4,eL4
1109,6026.205677290836,9088.742380478088,L4,eL2/3
1110,6013.705017707713,11074.601122010845,L2/3,eL2/3
1111,6002.505306274436,12101.78674362316,L2/3,eL2/3
1112,6002.72121492575,1700.5145345168482,I_CC,Oligo
1113,5991.748567835685,3038.9622746961018,I_CC,eL6-2
1114,6012.211710221634,8872.47436321535,L4,eL4
1115,6003.008839779006,13714.640208717004,L1,Smc
1116,6014.825195538483,510.3522469570047,HPC,Astro
1117,5992.087035199346,4090.088669663184,L6,eL6-2
1118,6005.138278704236,7603.242514855281,L5,eL4
1119,6011.356078369034,12332.66748797838,L2/3,Endo
1120,6025.105064827234,13489.007089480743,L1,Astro
1121,6029.965509399636,13601.930336567617,L1,Astro
1122,6039.16508889402,4808.104825675364,L6,eL5
1123,6029.340661717004,4197.609385136596,L6,eL6-2
1124,6017.853329738474,2928.353329738474,I_CC,eL6-2
1125,6060.772002058672,8600.730709845995,L4,SST
1126,6074.539931384896,2611.798280279672,I_CC,Micro
1127,6078.611252383979,9331.849741167924,L4,eL4
1128,6078.584060792564,3797.379074295045,L6,eL6-1
1129,6058.615779298037,9747.09480963712,L4,eL2/3
1130,6105.014213480909,3456.322411115977,L6,eL6-2
1131,6116.88383327716,4038.808167621616,L6,eL6-2
1132,6119.052187598363,9219.449417689644,L4,eL4
1133,6113.203127861407,12775.4841592499,L2/3,Endo
1134,6113.418872428561,13723.241451941303,L1,Smc
1135,6132.389827227411,2415.870105986546,I_CC,Oligo
1136,6084.851913527916,6421.831022163014,L5,Astro
1137,6144.782302115404,7309.3384645943,L5,eL4
1138,6142.376184887605,12071.521531100478,L2/3,eL2/3
1139,6145.610092438248,1650.6172652422083,I_CC,Oligo
1140,6146.112079048196,5566.115426497277,L6,eL5
1141,6162.606550272412,3142.265354135711,I_CC,eL6-2
1142,6169.181150240689,6147.652068478772,L5,eL5
1143,6179.267974998907,12473.659731631627,L2/3,Astro
1144,6173.243796688084,3917.342684009821,L6,eL6-2
1145,6190.72684868462,5806.159338267305,L5,Astro
1146,6188.828911802983,13746.189608569426,L1,Smc
1147,6199.95205974464,2967.646446639364,I_CC,eL6-1
1148,6201.601350936445,3630.073963770341,L6,PVALB
1149,6159.401198814655,1812.1411301185344,I_CC,Oligo
1150,6168.302551191675,2132.390265189661,I_CC,Oligo
1151,6184.006502574845,9995.779348869686,L2/3,eL2/3
1152,6193.480007309941,655.3741228070176,HPC,Oligo
1153,6210.292264163077,1537.4125779692624,I_CC,Oligo
1154,6218.506600302965,7880.187838130275,L4,eL4
1155,6193.965795893474,5908.531053059565,L5,Astro
1156,6225.021748222501,8226.1880489335,L4,eL4
1157,6227.125690338509,10414.008381521668,L2/3,eL6-1
1158,6195.40885930551,4658.963596736666,L6,Reln
1159,6237.123039006588,4243.3290677283285,L6,eL6-2
1160,6257.734131113423,6662.451994450225,L5,Reln
1161,6273.643806663329,11194.219088937094,L2/3,eL2/3
1162,6257.342726263187,1282.916712937257,HPC,Oligo
1163,6261.082693236185,8347.204757933547,L4,eL4
1164,6287.276752606553,12016.099027177945,L2/3,eL2/3
1165,6252.835800152873,7007.245987075256,L5,eL6-2
1166,6260.0291423155895,12196.351247828146,L2/3,eL2/3
1167,6282.746843054721,10858.919222289036,L2/3,eL2/3
1168,6300.75121771896,13749.63606286187,L1,Smc
1169,6279.291567944251,7434.681045296167,L5,eL4
1170,6325.804536959464,6079.5562286524455,L5,Reln
1171,6315.422908340854,1509.5075415753513,I_CC,Oligo
1172,6320.769510994421,9860.083656055136,L4,eL2/3
1173,6333.6755337465565,10155.231620179064,L2/3,eL4
1174,6321.137403855284,11290.694093628335,L2/3,eL2/3
1175,6336.213484721055,11700.303223997757,L2/3,eL2/3
1176,6328.64574965431,885.3753868440114,HPC,Oligo
1177,6344.315565490264,7046.381808021321,L5,eL4
1178,6308.367985889097,9382.737257928196,L4,eL6-2
1179,6341.23568040861,5910.400401313389,L5,eL5
1180,6329.439603960396,3881.968621477533,L6,eL6-1
1181,6335.154671746504,7745.022766342982,L5,eL4
1182,6321.672450805009,10564.993858079904,L2/3,SST
1183,6350.473834545945,11435.301751549448,L2/3,eL2/3
1184,6352.122228762017,1210.5513046890328,HPC,Oligo
1185,6353.474906796673,3362.832090622312,I_CC,eL6-2
1186,6362.788904271138,9674.209096036508,L4,Reln
1187,6377.663121676572,668.8180716296528,HPC,Oligo
1188,6379.089804543053,4429.318072430592,L6,eL6-2
1189,6365.706287008011,6735.64885928248,L5,eL4
1190,6347.700432971163,12836.44514337064,L2/3,Micro
1191,6382.390322580645,7618.382697947214,L5,eL2/3
1192,6375.001996223361,13539.365362827084,L1,Micro
1193,6387.177520909689,2614.562212198102,I_CC,eL6-2
1194,6382.532098486559,3147.233611926813,I_CC,eL6-2
1195,6403.563813315638,1559.172307011723,I_CC,Oligo
1196,6377.419664981663,9018.155515908416,L4,Astro
1197,6365.152338562045,2412.40823432284,I_CC,Oligo
1198,6379.265719775459,7298.999020457371,L5,eL4
1199,6402.613790525023,8542.13165625167,L4,Oligo
1200,6380.48745587197,4608.706895740174,L6,eL5
1201,6401.176321118037,12169.635764481676,L2/3,eL2/3
1202,6400.348920009495,3586.132257298837,L6,eL6-2
1203,6404.411871296342,4005.014202458495,L6,eL6-2
1204,6404.294178845677,9495.290017339608,L4,eL4
1205,6418.719694263876,13653.53175226802,L1,Smc
1206,6439.531716586735,8773.272237806534,L4,Astro
